UpgradeID,Name,Rarity,PhaseBias,Category,GrantType,RefID,Weight,MinLv,MaxLv,NeedTags,NeedUpgrade,StarterBias,Pool,Description,LocKey,Version
UPG_SK_001,技能强化：精炼打击 I,Common,Early,Skill,GrantSkill,SK_PASS_DMG_1,99,1,999,,,Y,All,获得技能：精炼打击 I（伤害提升12%）,LOC_UPG_SK_001,Release
UPG_SK_002,技能强化：极速回摆 I,Common,Early,Skill,GrantSkill,SK_PASS_ASPD_1,98,1,999,,,Y,All,获得技能：极速回摆 I（攻速提升10%）,LOC_UPG_SK_002,Release
UPG_SK_003,技能强化：外扩垫片 I,Common,Early,Skill,GrantSkill,SK_PASS_AOE_1,97,1,999,,,Y,All,获得技能：外扩垫片 I（范围提升15%）,LOC_UPG_SK_003,Release
UPG_SK_004,技能强化：校准瞄点 I,Common,Early,Skill,GrantSkill,SK_PASS_CRIT_1,96,1,999,,,Y,All,获得技能：校准瞄点 I（暴击率提升8%）,LOC_UPG_SK_004,Release
UPG_SK_005,技能强化：赏金账本 I,Common,Early,Skill,GrantSkill,SK_PASS_GOLD_1,95,1,999,,,Y,All,获得技能：赏金账本 I（金币收益提升20%）,LOC_UPG_SK_005,Release
UPG_SK_006,技能强化：过载弹流,Rare,Early,Skill,GrantSkill,SK_SHOCK_CHAIN,94,1,999,,,Y,All,获得技能：过载弹流（感电目标额外弹射1次）,LOC_UPG_SK_006,Release
UPG_SK_007,技能强化：爆燃反应,Rare,Early,Skill,GrantSkill,SK_BURN_BURST,93,1,999,,,Y,All,获得技能：爆燃反应（击杀灼烧目标引发爆燃）,LOC_UPG_SK_007,Release
UPG_SK_008,技能强化：终审逻辑,Epic,Early,Skill,GrantSkill,SK_EXEC_GRID,92,1,999,,,Y,All,获得技能：终审逻辑（每2秒处决阈值以下敌人）,LOC_UPG_SK_008,Release
UPG_SK_009,技能强化：金流护甲,Rare,Early,Skill,GrantSkill,SK_GOLD_ARMOR,91,1,999,,,Y,All,获得技能：金流护甲（持有金币提升护甲）,LOC_UPG_SK_009,Release
UPG_SK_010,技能强化：连击狂热,Epic,Early,Skill,GrantSkill,SK_COMBO_FRENZY,90,1,999,,,Y,All,获得技能：连击狂热（达到25连击进入5秒狂热）,LOC_UPG_SK_010,Release
UPG_SK_011,技能强化：Damage模组 01,Common,Early,Skill,GrantSkill,SK_DMG_01,89,1,999,,,Y,All,获得技能：Damage模组 01（数值伤害向强化条目，等级1。）,LOC_UPG_SK_011,Release
UPG_SK_012,技能强化：Damage模组 02,Common,Early,Skill,GrantSkill,SK_DMG_02,88,1,999,,,Y,All,获得技能：Damage模组 02（数值伤害向强化条目，等级2。）,LOC_UPG_SK_012,Release
UPG_SK_013,技能强化：Damage模组 03,Common,Early,Skill,GrantSkill,SK_DMG_03,87,1,999,,,Y,All,获得技能：Damage模组 03（数值伤害向强化条目，等级3。）,LOC_UPG_SK_013,Release
UPG_SK_014,技能强化：Damage模组 04,Uncommon,Early,Skill,GrantSkill,SK_DMG_04,86,1,999,,,Y,All,获得技能：Damage模组 04（数值伤害向强化条目，等级4。）,LOC_UPG_SK_014,Release
UPG_SK_015,技能强化：Damage模组 05,Uncommon,Early,Skill,GrantSkill,SK_DMG_05,85,1,999,,,Y,All,获得技能：Damage模组 05（数值伤害向强化条目，等级5。）,LOC_UPG_SK_015,Release
UPG_SK_016,技能强化：Damage模组 06,Uncommon,Early,Skill,GrantSkill,SK_DMG_06,84,1,999,,,Y,All,获得技能：Damage模组 06（数值伤害向强化条目，等级6。）,LOC_UPG_SK_016,Release
UPG_SK_017,技能强化：Damage模组 07,Rare,Early,Skill,GrantSkill,SK_DMG_07,100,1,999,,,Y,All,获得技能：Damage模组 07（数值伤害向强化条目，等级7。）,LOC_UPG_SK_017,Release
UPG_SK_018,技能强化：Damage模组 08,Rare,Early,Skill,GrantSkill,SK_DMG_08,99,1,999,,,Y,All,获得技能：Damage模组 08（数值伤害向强化条目，等级8。）,LOC_UPG_SK_018,Release
UPG_SK_019,技能强化：Damage模组 09,Rare,Early,Skill,GrantSkill,SK_DMG_09,98,1,999,,,Y,All,获得技能：Damage模组 09（数值伤害向强化条目，等级9。）,LOC_UPG_SK_019,Release
UPG_SK_020,技能强化：Damage模组 10,Epic,Early,Skill,GrantSkill,SK_DMG_10,97,1,999,TAG_Damage,UPG_SK_019,Y,All,获得技能：Damage模组 10（数值伤害向强化条目，等级10。）,LOC_UPG_SK_020,Release
UPG_SK_021,技能强化：Damage模组 11,Epic,Early,Skill,GrantSkill,SK_DMG_11,96,1,999,TAG_Damage,UPG_SK_020,Y,All,获得技能：Damage模组 11（数值伤害向强化条目，等级11。）,LOC_UPG_SK_021,Release
UPG_SK_022,技能强化：Damage模组 12,Epic,Early,Skill,GrantSkill,SK_DMG_12,95,1,999,TAG_Damage,UPG_SK_021,Y,All,获得技能：Damage模组 12（数值伤害向强化条目，等级12。）,LOC_UPG_SK_022,Release
UPG_SK_023,技能强化：AttackSpeed模组 01,Common,Early,Skill,GrantSkill,SK_ASPD_01,94,1,999,TAG_AttackSpeed,UPG_SK_022,Y,All,获得技能：AttackSpeed模组 01（攻速/频率向强化条目，等级1。）,LOC_UPG_SK_023,Release
UPG_SK_024,技能强化：AttackSpeed模组 02,Common,Early,Skill,GrantSkill,SK_ASPD_02,93,1,999,TAG_AttackSpeed,UPG_SK_023,Y,All,获得技能：AttackSpeed模组 02（攻速/频率向强化条目，等级2。）,LOC_UPG_SK_024,Release
UPG_SK_025,技能强化：AttackSpeed模组 03,Common,Early,Skill,GrantSkill,SK_ASPD_03,92,1,999,TAG_AttackSpeed,UPG_SK_024,Y,All,获得技能：AttackSpeed模组 03（攻速/频率向强化条目，等级3。）,LOC_UPG_SK_025,Release
UPG_SK_026,技能强化：AttackSpeed模组 04,Uncommon,Early,Skill,GrantSkill,SK_ASPD_04,91,1,999,TAG_AttackSpeed,UPG_SK_025,Y,All,获得技能：AttackSpeed模组 04（攻速/频率向强化条目，等级4。）,LOC_UPG_SK_026,Release
UPG_SK_027,技能强化：AttackSpeed模组 05,Uncommon,Early,Skill,GrantSkill,SK_ASPD_05,90,1,999,TAG_AttackSpeed,UPG_SK_026,Y,All,获得技能：AttackSpeed模组 05（攻速/频率向强化条目，等级5。）,LOC_UPG_SK_027,Release
UPG_SK_028,技能强化：AttackSpeed模组 06,Uncommon,Early,Skill,GrantSkill,SK_ASPD_06,89,1,999,TAG_AttackSpeed,UPG_SK_027,Y,All,获得技能：AttackSpeed模组 06（攻速/频率向强化条目，等级6。）,LOC_UPG_SK_028,Release
UPG_SK_029,技能强化：AttackSpeed模组 07,Rare,Early,Skill,GrantSkill,SK_ASPD_07,88,1,999,TAG_AttackSpeed,UPG_SK_028,Y,All,获得技能：AttackSpeed模组 07（攻速/频率向强化条目，等级7。）,LOC_UPG_SK_029,Release
UPG_SK_030,技能强化：AttackSpeed模组 08,Rare,Early,Skill,GrantSkill,SK_ASPD_08,87,1,999,TAG_AttackSpeed,UPG_SK_029,Y,All,获得技能：AttackSpeed模组 08（攻速/频率向强化条目，等级8。）,LOC_UPG_SK_030,Release
UPG_SK_031,技能强化：AttackSpeed模组 09,Rare,Early,Skill,GrantSkill,SK_ASPD_09,86,1,999,TAG_AttackSpeed,UPG_SK_030,Y,All,获得技能：AttackSpeed模组 09（攻速/频率向强化条目，等级9。）,LOC_UPG_SK_031,Release
UPG_SK_032,技能强化：AttackSpeed模组 10,Epic,Early,Skill,GrantSkill,SK_ASPD_10,85,1,999,TAG_AttackSpeed,UPG_SK_031,Y,All,获得技能：AttackSpeed模组 10（攻速/频率向强化条目，等级10。）,LOC_UPG_SK_032,Release
UPG_SK_033,技能强化：AttackSpeed模组 11,Epic,Early,Skill,GrantSkill,SK_ASPD_11,84,1,999,TAG_AttackSpeed,UPG_SK_032,Y,All,获得技能：AttackSpeed模组 11（攻速/频率向强化条目，等级11。）,LOC_UPG_SK_033,Release
UPG_SK_034,技能强化：AttackSpeed模组 12,Epic,Early,Skill,GrantSkill,SK_ASPD_12,100,1,999,TAG_AttackSpeed,UPG_SK_033,Y,All,获得技能：AttackSpeed模组 12（攻速/频率向强化条目，等级12。）,LOC_UPG_SK_034,Release
UPG_SK_035,技能强化：AOE模组 01,Common,Early,Skill,GrantSkill,SK_AOE_01,99,1,999,TAG_AOE,UPG_SK_034,Y,All,获得技能：AOE模组 01（范围扩张向强化条目，等级1。）,LOC_UPG_SK_035,Release
UPG_SK_036,技能强化：AOE模组 02,Common,Early,Skill,GrantSkill,SK_AOE_02,98,1,999,TAG_AOE,UPG_SK_035,Y,All,获得技能：AOE模组 02（范围扩张向强化条目，等级2。）,LOC_UPG_SK_036,Release
UPG_SK_037,技能强化：AOE模组 03,Common,Early,Skill,GrantSkill,SK_AOE_03,97,1,999,TAG_AOE,UPG_SK_036,Y,All,获得技能：AOE模组 03（范围扩张向强化条目，等级3。）,LOC_UPG_SK_037,Release
UPG_SK_038,技能强化：AOE模组 04,Uncommon,Early,Skill,GrantSkill,SK_AOE_04,96,1,999,TAG_AOE,UPG_SK_037,Y,All,获得技能：AOE模组 04（范围扩张向强化条目，等级4。）,LOC_UPG_SK_038,Release
UPG_SK_039,技能强化：AOE模组 05,Uncommon,Early,Skill,GrantSkill,SK_AOE_05,95,1,999,TAG_AOE,UPG_SK_038,Y,All,获得技能：AOE模组 05（范围扩张向强化条目，等级5。）,LOC_UPG_SK_039,Release
UPG_SK_040,技能强化：AOE模组 06,Uncommon,Mid,Skill,GrantSkill,SK_AOE_06,94,1,999,TAG_AOE,UPG_SK_039,N,All,获得技能：AOE模组 06（范围扩张向强化条目，等级6。）,LOC_UPG_SK_040,Release
UPG_SK_041,技能强化：AOE模组 07,Rare,Mid,Skill,GrantSkill,SK_AOE_07,93,1,999,TAG_AOE,UPG_SK_040,N,All,获得技能：AOE模组 07（范围扩张向强化条目，等级7。）,LOC_UPG_SK_041,Release
UPG_SK_042,技能强化：AOE模组 08,Rare,Mid,Skill,GrantSkill,SK_AOE_08,92,1,999,TAG_AOE,UPG_SK_041,N,All,获得技能：AOE模组 08（范围扩张向强化条目，等级8。）,LOC_UPG_SK_042,Release
UPG_SK_043,技能强化：AOE模组 09,Rare,Mid,Skill,GrantSkill,SK_AOE_09,91,1,999,TAG_AOE,UPG_SK_042,N,All,获得技能：AOE模组 09（范围扩张向强化条目，等级9。）,LOC_UPG_SK_043,Release
UPG_SK_044,技能强化：AOE模组 10,Epic,Mid,Skill,GrantSkill,SK_AOE_10,90,1,999,TAG_AOE,UPG_SK_043,N,All,获得技能：AOE模组 10（范围扩张向强化条目，等级10。）,LOC_UPG_SK_044,Release
UPG_SK_045,技能强化：AOE模组 11,Epic,Mid,Skill,GrantSkill,SK_AOE_11,89,1,999,TAG_AOE,UPG_SK_044,N,All,获得技能：AOE模组 11（范围扩张向强化条目，等级11。）,LOC_UPG_SK_045,Release
UPG_SK_046,技能强化：AOE模组 12,Epic,Mid,Skill,GrantSkill,SK_AOE_12,88,1,999,TAG_AOE,UPG_SK_045,N,All,获得技能：AOE模组 12（范围扩张向强化条目，等级12。）,LOC_UPG_SK_046,Release
UPG_SK_047,技能强化：Crit模组 01,Common,Mid,Skill,GrantSkill,SK_CRIT_01,87,1,999,TAG_Crit,UPG_SK_046,N,All,获得技能：Crit模组 01（暴击强化向强化条目，等级1。）,LOC_UPG_SK_047,Release
UPG_SK_048,技能强化：Crit模组 02,Common,Mid,Skill,GrantSkill,SK_CRIT_02,86,1,999,TAG_Crit,UPG_SK_047,N,All,获得技能：Crit模组 02（暴击强化向强化条目，等级2。）,LOC_UPG_SK_048,Release
UPG_SK_049,技能强化：Crit模组 03,Common,Mid,Skill,GrantSkill,SK_CRIT_03,85,1,999,TAG_Crit,UPG_SK_048,N,All,获得技能：Crit模组 03（暴击强化向强化条目，等级3。）,LOC_UPG_SK_049,Release
UPG_SK_050,技能强化：Crit模组 04,Uncommon,Mid,Skill,GrantSkill,SK_CRIT_04,84,1,999,TAG_Crit,UPG_SK_049,N,All,获得技能：Crit模组 04（暴击强化向强化条目，等级4。）,LOC_UPG_SK_050,Release
UPG_SK_051,技能强化：Crit模组 05,Uncommon,Mid,Skill,GrantSkill,SK_CRIT_05,100,1,999,TAG_Crit,UPG_SK_050,N,All,获得技能：Crit模组 05（暴击强化向强化条目，等级5。）,LOC_UPG_SK_051,Release
UPG_SK_052,技能强化：Crit模组 06,Uncommon,Mid,Skill,GrantSkill,SK_CRIT_06,99,1,999,TAG_Crit,UPG_SK_051,N,All,获得技能：Crit模组 06（暴击强化向强化条目，等级6。）,LOC_UPG_SK_052,Release
UPG_SK_053,技能强化：Crit模组 07,Rare,Mid,Skill,GrantSkill,SK_CRIT_07,98,1,999,TAG_Crit,UPG_SK_052,N,All,获得技能：Crit模组 07（暴击强化向强化条目，等级7。）,LOC_UPG_SK_053,Release
UPG_SK_054,技能强化：Crit模组 08,Rare,Mid,Skill,GrantSkill,SK_CRIT_08,97,1,999,TAG_Crit,UPG_SK_053,N,All,获得技能：Crit模组 08（暴击强化向强化条目，等级8。）,LOC_UPG_SK_054,Release
UPG_SK_055,技能强化：Crit模组 09,Rare,Mid,Skill,GrantSkill,SK_CRIT_09,96,1,999,TAG_Crit,UPG_SK_054,N,All,获得技能：Crit模组 09（暴击强化向强化条目，等级9。）,LOC_UPG_SK_055,Release
UPG_SK_056,技能强化：Crit模组 10,Epic,Mid,Skill,GrantSkill,SK_CRIT_10,95,1,999,TAG_Crit,UPG_SK_055,N,All,获得技能：Crit模组 10（暴击强化向强化条目，等级10。）,LOC_UPG_SK_056,Release
UPG_SK_057,技能强化：Crit模组 11,Epic,Mid,Skill,GrantSkill,SK_CRIT_11,94,1,999,TAG_Crit,UPG_SK_056,N,All,获得技能：Crit模组 11（暴击强化向强化条目，等级11。）,LOC_UPG_SK_057,Release
UPG_SK_058,技能强化：Crit模组 12,Epic,Mid,Skill,GrantSkill,SK_CRIT_12,93,1,999,TAG_Crit,UPG_SK_057,N,All,获得技能：Crit模组 12（暴击强化向强化条目，等级12。）,LOC_UPG_SK_058,Release
UPG_SK_059,技能强化：Shock模组 01,Common,Mid,Skill,GrantSkill,SK_SHOCK_01,92,1,999,TAG_Shock,UPG_SK_058,N,All,获得技能：Shock模组 01（感电/连锁向强化条目，等级1。）,LOC_UPG_SK_059,Release
UPG_SK_060,技能强化：Shock模组 02,Common,Mid,Skill,GrantSkill,SK_SHOCK_02,91,1,999,TAG_Shock,UPG_SK_059,N,All,获得技能：Shock模组 02（感电/连锁向强化条目，等级2。）,LOC_UPG_SK_060,Release
UPG_SK_061,技能强化：Shock模组 03,Common,Mid,Skill,GrantSkill,SK_SHOCK_03,90,1,999,TAG_Shock,UPG_SK_060,N,All,获得技能：Shock模组 03（感电/连锁向强化条目，等级3。）,LOC_UPG_SK_061,Release
UPG_SK_062,技能强化：Shock模组 04,Uncommon,Mid,Skill,GrantSkill,SK_SHOCK_04,89,1,999,TAG_Shock,UPG_SK_061,N,All,获得技能：Shock模组 04（感电/连锁向强化条目，等级4。）,LOC_UPG_SK_062,Release
UPG_SK_063,技能强化：Shock模组 05,Uncommon,Mid,Skill,GrantSkill,SK_SHOCK_05,88,1,999,TAG_Shock,UPG_SK_062,N,All,获得技能：Shock模组 05（感电/连锁向强化条目，等级5。）,LOC_UPG_SK_063,Release
UPG_SK_064,技能强化：Shock模组 06,Uncommon,Mid,Skill,GrantSkill,SK_SHOCK_06,87,1,999,TAG_Shock,UPG_SK_063,N,All,获得技能：Shock模组 06（感电/连锁向强化条目，等级6。）,LOC_UPG_SK_064,Release
UPG_SK_065,技能强化：Shock模组 07,Rare,Mid,Skill,GrantSkill,SK_SHOCK_07,86,1,999,TAG_Shock,UPG_SK_064,N,All,获得技能：Shock模组 07（感电/连锁向强化条目，等级7。）,LOC_UPG_SK_065,Release
UPG_SK_066,技能强化：Shock模组 08,Rare,Mid,Skill,GrantSkill,SK_SHOCK_08,85,1,999,TAG_Shock,UPG_SK_065,N,All,获得技能：Shock模组 08（感电/连锁向强化条目，等级8。）,LOC_UPG_SK_066,Release
UPG_SK_067,技能强化：Shock模组 09,Rare,Mid,Skill,GrantSkill,SK_SHOCK_09,84,1,999,TAG_Shock,UPG_SK_066,N,All,获得技能：Shock模组 09（感电/连锁向强化条目，等级9。）,LOC_UPG_SK_067,Release
UPG_SK_068,技能强化：Shock模组 10,Epic,Mid,Skill,GrantSkill,SK_SHOCK_10,100,1,999,TAG_Shock,UPG_SK_067,N,All,获得技能：Shock模组 10（感电/连锁向强化条目，等级10。）,LOC_UPG_SK_068,Release
UPG_SK_069,技能强化：Shock模组 11,Epic,Mid,Skill,GrantSkill,SK_SHOCK_11,99,1,999,TAG_Shock,UPG_SK_068,N,All,获得技能：Shock模组 11（感电/连锁向强化条目，等级11。）,LOC_UPG_SK_069,Release
UPG_SK_070,技能强化：Shock模组 12,Epic,Mid,Skill,GrantSkill,SK_SHOCK_12,98,1,999,TAG_Shock,UPG_SK_069,N,All,获得技能：Shock模组 12（感电/连锁向强化条目，等级12。）,LOC_UPG_SK_070,Release
UPG_SK_071,技能强化：Fire模组 01,Common,Mid,Skill,GrantSkill,SK_FIRE_01,97,1,999,TAG_Fire,UPG_SK_070,N,All,获得技能：Fire模组 01（灼烧/爆炸向强化条目，等级1。）,LOC_UPG_SK_071,Release
UPG_SK_072,技能强化：Fire模组 02,Common,Mid,Skill,GrantSkill,SK_FIRE_02,96,1,999,TAG_Fire,UPG_SK_071,N,All,获得技能：Fire模组 02（灼烧/爆炸向强化条目，等级2。）,LOC_UPG_SK_072,Release
UPG_SK_073,技能强化：Fire模组 03,Common,Mid,Skill,GrantSkill,SK_FIRE_03,95,1,999,TAG_Fire,UPG_SK_072,N,All,获得技能：Fire模组 03（灼烧/爆炸向强化条目，等级3。）,LOC_UPG_SK_073,Release
UPG_SK_074,技能强化：Fire模组 04,Uncommon,Mid,Skill,GrantSkill,SK_FIRE_04,94,1,999,TAG_Fire,UPG_SK_073,N,All,获得技能：Fire模组 04（灼烧/爆炸向强化条目，等级4。）,LOC_UPG_SK_074,Release
UPG_SK_075,技能强化：Fire模组 05,Uncommon,Mid,Skill,GrantSkill,SK_FIRE_05,93,1,999,TAG_Fire,UPG_SK_074,N,All,获得技能：Fire模组 05（灼烧/爆炸向强化条目，等级5。）,LOC_UPG_SK_075,Release
UPG_SK_076,技能强化：Fire模组 06,Uncommon,Mid,Skill,GrantSkill,SK_FIRE_06,92,1,999,TAG_Fire,UPG_SK_075,N,All,获得技能：Fire模组 06（灼烧/爆炸向强化条目，等级6。）,LOC_UPG_SK_076,Release
UPG_SK_077,技能强化：Fire模组 07,Rare,Mid,Skill,GrantSkill,SK_FIRE_07,91,1,999,TAG_Fire,UPG_SK_076,N,All,获得技能：Fire模组 07（灼烧/爆炸向强化条目，等级7。）,LOC_UPG_SK_077,Release
UPG_SK_078,技能强化：Fire模组 08,Rare,Mid,Skill,GrantSkill,SK_FIRE_08,90,1,999,TAG_Fire,UPG_SK_077,N,All,获得技能：Fire模组 08（灼烧/爆炸向强化条目，等级8。）,LOC_UPG_SK_078,Release
UPG_SK_079,技能强化：Fire模组 09,Rare,Mid,Skill,GrantSkill,SK_FIRE_09,89,1,999,TAG_Fire,UPG_SK_078,N,All,获得技能：Fire模组 09（灼烧/爆炸向强化条目，等级9。）,LOC_UPG_SK_079,Release
UPG_SK_080,技能强化：Fire模组 10,Epic,Mid,Skill,GrantSkill,SK_FIRE_10,88,1,999,TAG_Fire,UPG_SK_079,N,All,获得技能：Fire模组 10（灼烧/爆炸向强化条目，等级10。）,LOC_UPG_SK_080,Release
UPG_SK_081,技能强化：Fire模组 11,Epic,Mid,Skill,GrantSkill,SK_FIRE_11,87,1,999,TAG_Fire,UPG_SK_080,N,All,获得技能：Fire模组 11（灼烧/爆炸向强化条目，等级11。）,LOC_UPG_SK_081,Release
UPG_SK_082,技能强化：Fire模组 12,Epic,Mid,Skill,GrantSkill,SK_FIRE_12,86,1,999,TAG_Fire,UPG_SK_081,N,All,获得技能：Fire模组 12（灼烧/爆炸向强化条目，等级12。）,LOC_UPG_SK_082,Release
UPG_SK_083,技能强化：Frost模组 01,Common,Mid,Skill,GrantSkill,SK_FROST_01,85,1,999,TAG_Frost,UPG_SK_082,N,All,获得技能：Frost模组 01（冻结/减速向强化条目，等级1。）,LOC_UPG_SK_083,Release
UPG_SK_084,技能强化：Frost模组 02,Common,Mid,Skill,GrantSkill,SK_FROST_02,84,1,999,TAG_Frost,UPG_SK_083,N,All,获得技能：Frost模组 02（冻结/减速向强化条目，等级2。）,LOC_UPG_SK_084,Release
UPG_SK_085,技能强化：Frost模组 03,Common,Mid,Skill,GrantSkill,SK_FROST_03,100,1,999,TAG_Frost,UPG_SK_084,N,All,获得技能：Frost模组 03（冻结/减速向强化条目，等级3。）,LOC_UPG_SK_085,Release
UPG_SK_086,技能强化：Frost模组 04,Uncommon,Mid,Skill,GrantSkill,SK_FROST_04,99,1,999,TAG_Frost,UPG_SK_085,N,All,获得技能：Frost模组 04（冻结/减速向强化条目，等级4。）,LOC_UPG_SK_086,Release
UPG_SK_087,技能强化：Frost模组 05,Uncommon,Mid,Skill,GrantSkill,SK_FROST_05,98,1,999,TAG_Frost,UPG_SK_086,N,All,获得技能：Frost模组 05（冻结/减速向强化条目，等级5。）,LOC_UPG_SK_087,Release
UPG_SK_088,技能强化：Frost模组 06,Uncommon,Mid,Skill,GrantSkill,SK_FROST_06,97,1,999,TAG_Frost,UPG_SK_087,N,All,获得技能：Frost模组 06（冻结/减速向强化条目，等级6。）,LOC_UPG_SK_088,Release
UPG_SK_089,技能强化：Frost模组 07,Rare,Mid,Skill,GrantSkill,SK_FROST_07,96,1,999,TAG_Frost,UPG_SK_088,N,All,获得技能：Frost模组 07（冻结/减速向强化条目，等级7。）,LOC_UPG_SK_089,Release
UPG_SK_090,技能强化：Frost模组 08,Rare,Mid,Skill,GrantSkill,SK_FROST_08,95,1,999,TAG_Frost,UPG_SK_089,N,All,获得技能：Frost模组 08（冻结/减速向强化条目，等级8。）,LOC_UPG_SK_090,Release
UPG_SK_091,技能强化：Frost模组 09,Rare,Mid,Skill,GrantSkill,SK_FROST_09,94,1,999,TAG_Frost,UPG_SK_090,N,All,获得技能：Frost模组 09（冻结/减速向强化条目，等级9。）,LOC_UPG_SK_091,Release
UPG_SK_092,技能强化：Frost模组 10,Epic,Mid,Skill,GrantSkill,SK_FROST_10,93,1,999,TAG_Frost,UPG_SK_091,N,All,获得技能：Frost模组 10（冻结/减速向强化条目，等级10。）,LOC_UPG_SK_092,Release
UPG_SK_093,技能强化：Frost模组 11,Epic,Mid,Skill,GrantSkill,SK_FROST_11,92,1,999,TAG_Frost,UPG_SK_092,N,All,获得技能：Frost模组 11（冻结/减速向强化条目，等级11。）,LOC_UPG_SK_093,Release
UPG_SK_094,技能强化：Frost模组 12,Epic,Mid,Skill,GrantSkill,SK_FROST_12,91,1,999,TAG_Frost,UPG_SK_093,N,All,获得技能：Frost模组 12（冻结/减速向强化条目，等级12。）,LOC_UPG_SK_094,Release
UPG_SK_095,技能强化：Gold模组 01,Common,Mid,Skill,GrantSkill,SK_GOLD_01,90,1,999,TAG_Gold,UPG_SK_094,N,All,获得技能：Gold模组 01（经济/赏金向强化条目，等级1。）,LOC_UPG_SK_095,Release
UPG_SK_096,技能强化：Gold模组 02,Common,Mid,Skill,GrantSkill,SK_GOLD_02,89,1,999,TAG_Gold,UPG_SK_095,N,All,获得技能：Gold模组 02（经济/赏金向强化条目，等级2。）,LOC_UPG_SK_096,Release
UPG_SK_097,技能强化：Gold模组 03,Common,Mid,Skill,GrantSkill,SK_GOLD_03,88,1,999,TAG_Gold,UPG_SK_096,N,All,获得技能：Gold模组 03（经济/赏金向强化条目，等级3。）,LOC_UPG_SK_097,Release
UPG_SK_098,技能强化：Gold模组 04,Uncommon,Mid,Skill,GrantSkill,SK_GOLD_04,87,1,999,TAG_Gold,UPG_SK_097,N,All,获得技能：Gold模组 04（经济/赏金向强化条目，等级4。）,LOC_UPG_SK_098,Release
UPG_SK_099,技能强化：Gold模组 05,Uncommon,Mid,Skill,GrantSkill,SK_GOLD_05,86,1,999,TAG_Gold,UPG_SK_098,N,All,获得技能：Gold模组 05（经济/赏金向强化条目，等级5。）,LOC_UPG_SK_099,Release
UPG_SK_100,技能强化：Gold模组 06,Uncommon,Mid,Skill,GrantSkill,SK_GOLD_06,85,1,999,TAG_Gold,UPG_SK_099,N,All,获得技能：Gold模组 06（经济/赏金向强化条目，等级6。）,LOC_UPG_SK_100,Release
UPG_SK_101,技能强化：Gold模组 07,Rare,Mid,Skill,GrantSkill,SK_GOLD_07,84,1,999,TAG_Gold,UPG_SK_100,N,All,获得技能：Gold模组 07（经济/赏金向强化条目，等级7。）,LOC_UPG_SK_101,Release
UPG_SK_102,技能强化：Gold模组 08,Rare,Mid,Skill,GrantSkill,SK_GOLD_08,100,1,999,TAG_Gold,UPG_SK_101,N,All,获得技能：Gold模组 08（经济/赏金向强化条目，等级8。）,LOC_UPG_SK_102,Release
UPG_SK_103,技能强化：Gold模组 09,Rare,Mid,Skill,GrantSkill,SK_GOLD_09,99,1,999,TAG_Gold,UPG_SK_102,N,All,获得技能：Gold模组 09（经济/赏金向强化条目，等级9。）,LOC_UPG_SK_103,Release
UPG_SK_104,技能强化：Gold模组 10,Epic,Mid,Skill,GrantSkill,SK_GOLD_10,98,1,999,TAG_Gold,UPG_SK_103,N,All,获得技能：Gold模组 10（经济/赏金向强化条目，等级10。）,LOC_UPG_SK_104,Release
UPG_SK_105,技能强化：Gold模组 11,Epic,Mid,Skill,GrantSkill,SK_GOLD_11,97,1,999,TAG_Gold,UPG_SK_104,N,All,获得技能：Gold模组 11（经济/赏金向强化条目，等级11。）,LOC_UPG_SK_105,Release
UPG_SK_106,技能强化：Gold模组 12,Epic,Mid,Skill,GrantSkill,SK_GOLD_12,96,1,999,TAG_Gold,UPG_SK_105,N,All,获得技能：Gold模组 12（经济/赏金向强化条目，等级12。）,LOC_UPG_SK_106,Release
UPG_SK_107,技能强化：Execute模组 01,Common,Mid,Skill,GrantSkill,SK_EXEC_01,95,1,999,TAG_Execute,UPG_SK_106,N,All,获得技能：Execute模组 01（处决向强化条目，等级1。）,LOC_UPG_SK_107,Release
UPG_SK_108,技能强化：Execute模组 02,Common,Mid,Skill,GrantSkill,SK_EXEC_02,94,1,999,TAG_Execute,UPG_SK_107,N,All,获得技能：Execute模组 02（处决向强化条目，等级2。）,LOC_UPG_SK_108,Release
UPG_SK_109,技能强化：Execute模组 03,Common,Mid,Skill,GrantSkill,SK_EXEC_03,93,1,999,TAG_Execute,UPG_SK_108,N,All,获得技能：Execute模组 03（处决向强化条目，等级3。）,LOC_UPG_SK_109,Release
UPG_SK_110,技能强化：Execute模组 04,Uncommon,Late,Skill,GrantSkill,SK_EXEC_04,92,1,999,TAG_Execute,UPG_SK_109,N,All,获得技能：Execute模组 04（处决向强化条目，等级4。）,LOC_UPG_SK_110,Release
UPG_SK_111,技能强化：Execute模组 05,Uncommon,Late,Skill,GrantSkill,SK_EXEC_05,91,1,999,TAG_Execute,UPG_SK_110,N,All,获得技能：Execute模组 05（处决向强化条目，等级5。）,LOC_UPG_SK_111,Release
UPG_SK_112,技能强化：Execute模组 06,Uncommon,Late,Skill,GrantSkill,SK_EXEC_06,90,1,999,TAG_Execute,UPG_SK_111,N,All,获得技能：Execute模组 06（处决向强化条目，等级6。）,LOC_UPG_SK_112,Release
UPG_SK_113,技能强化：Execute模组 07,Rare,Late,Skill,GrantSkill,SK_EXEC_07,89,1,999,TAG_Execute,UPG_SK_112,N,All,获得技能：Execute模组 07（处决向强化条目，等级7。）,LOC_UPG_SK_113,Release
UPG_SK_114,技能强化：Execute模组 08,Rare,Late,Skill,GrantSkill,SK_EXEC_08,88,1,999,TAG_Execute,UPG_SK_113,N,All,获得技能：Execute模组 08（处决向强化条目，等级8。）,LOC_UPG_SK_114,Release
UPG_SK_115,技能强化：Execute模组 09,Rare,Late,Skill,GrantSkill,SK_EXEC_09,87,1,999,TAG_Execute,UPG_SK_114,N,All,获得技能：Execute模组 09（处决向强化条目，等级9。）,LOC_UPG_SK_115,Release
UPG_SK_116,技能强化：Execute模组 10,Epic,Late,Skill,GrantSkill,SK_EXEC_10,86,1,999,TAG_Execute,UPG_SK_115,N,All,获得技能：Execute模组 10（处决向强化条目，等级10。）,LOC_UPG_SK_116,Release
UPG_SK_117,技能强化：Execute模组 11,Epic,Late,Skill,GrantSkill,SK_EXEC_11,85,1,999,TAG_Execute,UPG_SK_116,N,All,获得技能：Execute模组 11（处决向强化条目，等级11。）,LOC_UPG_SK_117,Release
UPG_SK_118,技能强化：Execute模组 12,Epic,Late,Skill,GrantSkill,SK_EXEC_12,84,1,999,TAG_Execute,UPG_SK_117,N,All,获得技能：Execute模组 12（处决向强化条目，等级12。）,LOC_UPG_SK_118,Release
UPG_SK_119,技能强化：Automation模组 01,Common,Late,Skill,GrantSkill,SK_AUTO_01,100,1,999,TAG_Automation,UPG_SK_118,N,All,获得技能：Automation模组 01（自动化/设施向强化条目，等级1。）,LOC_UPG_SK_119,Release
UPG_SK_120,技能强化：Automation模组 02,Common,Late,Skill,GrantSkill,SK_AUTO_02,99,1,999,TAG_Automation,UPG_SK_119,N,All,获得技能：Automation模组 02（自动化/设施向强化条目，等级2。）,LOC_UPG_SK_120,Release
UPG_SK_121,技能强化：Automation模组 03,Common,Late,Skill,GrantSkill,SK_AUTO_03,98,1,999,TAG_Automation,UPG_SK_120,N,All,获得技能：Automation模组 03（自动化/设施向强化条目，等级3。）,LOC_UPG_SK_121,Release
UPG_SK_122,技能强化：Automation模组 04,Uncommon,Late,Skill,GrantSkill,SK_AUTO_04,97,1,999,TAG_Automation,UPG_SK_121,N,All,获得技能：Automation模组 04（自动化/设施向强化条目，等级4。）,LOC_UPG_SK_122,Release
UPG_SK_123,技能强化：Automation模组 05,Uncommon,Late,Skill,GrantSkill,SK_AUTO_05,96,1,999,TAG_Automation,UPG_SK_122,N,All,获得技能：Automation模组 05（自动化/设施向强化条目，等级5。）,LOC_UPG_SK_123,Release
UPG_SK_124,技能强化：Automation模组 06,Uncommon,Late,Skill,GrantSkill,SK_AUTO_06,95,1,999,TAG_Automation,UPG_SK_123,N,All,获得技能：Automation模组 06（自动化/设施向强化条目，等级6。）,LOC_UPG_SK_124,Release
UPG_SK_125,技能强化：Automation模组 07,Rare,Late,Skill,GrantSkill,SK_AUTO_07,94,1,999,TAG_Automation,UPG_SK_124,N,All,获得技能：Automation模组 07（自动化/设施向强化条目，等级7。）,LOC_UPG_SK_125,Release
UPG_SK_126,技能强化：Automation模组 08,Rare,Late,Skill,GrantSkill,SK_AUTO_08,93,1,999,TAG_Automation,UPG_SK_125,N,All,获得技能：Automation模组 08（自动化/设施向强化条目，等级8。）,LOC_UPG_SK_126,Release
UPG_SK_127,技能强化：Automation模组 09,Rare,Late,Skill,GrantSkill,SK_AUTO_09,92,1,999,TAG_Automation,UPG_SK_126,N,All,获得技能：Automation模组 09（自动化/设施向强化条目，等级9。）,LOC_UPG_SK_127,Release
UPG_SK_128,技能强化：Automation模组 10,Epic,Late,Skill,GrantSkill,SK_AUTO_10,91,1,999,TAG_Automation,UPG_SK_127,N,All,获得技能：Automation模组 10（自动化/设施向强化条目，等级10。）,LOC_UPG_SK_128,Release
UPG_SK_129,技能强化：Automation模组 11,Epic,Late,Skill,GrantSkill,SK_AUTO_11,90,1,999,TAG_Automation,UPG_SK_128,N,All,获得技能：Automation模组 11（自动化/设施向强化条目，等级11。）,LOC_UPG_SK_129,Release
UPG_SK_130,技能强化：Automation模组 12,Epic,Late,Skill,GrantSkill,SK_AUTO_12,89,1,999,TAG_Automation,UPG_SK_129,N,All,获得技能：Automation模组 12（自动化/设施向强化条目，等级12。）,LOC_UPG_SK_130,Release
UPG_WPN_001,武器升级：WPN_WOOD,Common,Mid,Weapon,WeaponLv+,WPN_WOOD,89,1,999,,,N,All,提升武器 WPN_WOOD 等级,LOC_UPG_WPN_001,Release
UPG_WPN_002,武器升级：WPN_IRON,Common,Mid,Weapon,WeaponLv+,WPN_IRON,88,1,999,,,N,All,提升武器 WPN_IRON 等级,LOC_UPG_WPN_002,Release
UPG_WPN_003,武器升级：WPN_THUNDER,Common,Mid,Weapon,WeaponLv+,WPN_THUNDER,87,1,999,,,N,All,提升武器 WPN_THUNDER 等级,LOC_UPG_WPN_003,Release
UPG_WPN_004,武器升级：WPN_SWEEP,Common,Mid,Weapon,WeaponLv+,WPN_SWEEP,86,1,999,,,N,All,提升武器 WPN_SWEEP 等级,LOC_UPG_WPN_004,Release
UPG_WPN_005,武器升级：WPN_PRESS,Common,Mid,Weapon,WeaponLv+,WPN_PRESS,85,1,999,,,N,All,提升武器 WPN_PRESS 等级,LOC_UPG_WPN_005,Release
UPG_WPN_006,武器升级：WPN_COIN,Common,Mid,Weapon,WeaponLv+,WPN_COIN,84,1,999,,,N,All,提升武器 WPN_COIN 等级,LOC_UPG_WPN_006,Release
UPG_WPN_007,武器升级：WPN_DRONE_CORE,Common,Mid,Weapon,WeaponLv+,WPN_DRONE_CORE,83,1,999,,,N,All,提升武器 WPN_DRONE_CORE 等级,LOC_UPG_WPN_007,Release
UPG_WPN_008,武器升级：WPN_FLASK,Common,Mid,Weapon,WeaponLv+,WPN_FLASK,82,1,999,,,N,All,提升武器 WPN_FLASK 等级,LOC_UPG_WPN_008,Release
UPG_WPN_009,武器升级：WPN_DICE,Common,Mid,Weapon,WeaponLv+,WPN_DICE,81,1,999,,,N,All,提升武器 WPN_DICE 等级,LOC_UPG_WPN_009,Release
UPG_WPN_010,武器升级：WPN_SHIELD,Common,Mid,Weapon,WeaponLv+,WPN_SHIELD,80,1,999,,,N,All,提升武器 WPN_SHIELD 等级,LOC_UPG_WPN_010,Release
UPG_WPN_011,武器升级：WPN_PILE,Uncommon,Mid,Weapon,WeaponLv+,WPN_PILE,79,1,999,,,N,All,提升武器 WPN_PILE 等级,LOC_UPG_WPN_011,Release
UPG_WPN_012,武器升级：WPN_MAGNET,Uncommon,Mid,Weapon,WeaponLv+,WPN_MAGNET,78,1,999,,,N,All,提升武器 WPN_MAGNET 等级,LOC_UPG_WPN_012,Release
UPG_WPN_013,武器升级：WPN_SAW,Uncommon,Mid,Weapon,WeaponLv+,WPN_SAW,90,1,999,,,N,All,提升武器 WPN_SAW 等级,LOC_UPG_WPN_013,Release
UPG_WPN_014,武器升级：WPN_MORTAR,Uncommon,Mid,Weapon,WeaponLv+,WPN_MORTAR,89,1,999,,,N,All,提升武器 WPN_MORTAR 等级,LOC_UPG_WPN_014,Release
UPG_WPN_015,武器升级：WPN_TESLA,Uncommon,Mid,Weapon,WeaponLv+,WPN_TESLA,88,1,999,,,N,All,提升武器 WPN_TESLA 等级,LOC_UPG_WPN_015,Release
UPG_WPN_016,武器升级：WPN_FLAME,Uncommon,Mid,Weapon,WeaponLv+,WPN_FLAME,87,1,999,,,N,All,提升武器 WPN_FLAME 等级,LOC_UPG_WPN_016,Release
UPG_WPN_017,武器升级：WPN_FROST,Uncommon,Mid,Weapon,WeaponLv+,WPN_FROST,86,1,999,,,N,All,提升武器 WPN_FROST 等级,LOC_UPG_WPN_017,Release
UPG_WPN_018,武器升级：WPN_GAUNTLET,Uncommon,Mid,Weapon,WeaponLv+,WPN_GAUNTLET,85,1,999,,,N,All,提升武器 WPN_GAUNTLET 等级,LOC_UPG_WPN_018,Release
UPG_WPN_019,武器升级：WPN_PRISM,Uncommon,Mid,Weapon,WeaponLv+,WPN_PRISM,84,1,999,,,N,All,提升武器 WPN_PRISM 等级,LOC_UPG_WPN_019,Release
UPG_WPN_020,武器升级：WPN_BOMBARD,Uncommon,Mid,Weapon,WeaponLv+,WPN_BOMBARD,83,1,999,,,N,All,提升武器 WPN_BOMBARD 等级,LOC_UPG_WPN_020,Release
UPG_WPN_021,武器升级：WPN_FAC_01,Rare,Mid,Weapon,WeaponLv+,WPN_FAC_01,82,1,999,,,N,All,提升武器 WPN_FAC_01 等级,LOC_UPG_WPN_021,Release
UPG_WPN_022,武器升级：WPN_FAC_02,Rare,Mid,Weapon,WeaponLv+,WPN_FAC_02,81,1,999,,,N,All,提升武器 WPN_FAC_02 等级,LOC_UPG_WPN_022,Release
UPG_WPN_023,武器升级：WPN_FAC_03,Rare,Mid,Weapon,WeaponLv+,WPN_FAC_03,80,1,999,,,N,All,提升武器 WPN_FAC_03 等级,LOC_UPG_WPN_023,Release
UPG_WPN_024,武器升级：WPN_FAC_04,Rare,Mid,Weapon,WeaponLv+,WPN_FAC_04,79,1,999,,,N,All,提升武器 WPN_FAC_04 等级,LOC_UPG_WPN_024,Release
UPG_WPN_025,武器升级：WPN_FAC_05,Rare,Mid,Weapon,WeaponLv+,WPN_FAC_05,78,1,999,,,N,All,提升武器 WPN_FAC_05 等级,LOC_UPG_WPN_025,Release
UPG_WPN_026,武器升级：WPN_FAC_06,Rare,Mid,Weapon,WeaponLv+,WPN_FAC_06,90,1,999,,,N,All,提升武器 WPN_FAC_06 等级,LOC_UPG_WPN_026,Release
UPG_WPN_027,武器升级：WPN_FAC_07,Rare,Mid,Weapon,WeaponLv+,WPN_FAC_07,89,1,999,,,N,All,提升武器 WPN_FAC_07 等级,LOC_UPG_WPN_027,Release
UPG_WPN_028,武器升级：WPN_FAC_08,Rare,Mid,Weapon,WeaponLv+,WPN_FAC_08,88,1,999,,,N,All,提升武器 WPN_FAC_08 等级,LOC_UPG_WPN_028,Release
UPG_WPN_029,武器升级：WPN_FAC_09,Rare,Mid,Weapon,WeaponLv+,WPN_FAC_09,87,1,999,,,N,All,提升武器 WPN_FAC_09 等级,LOC_UPG_WPN_029,Release
UPG_WPN_030,武器升级：WPN_FAC_10,Rare,Mid,Weapon,WeaponLv+,WPN_FAC_10,86,1,999,,,N,All,提升武器 WPN_FAC_10 等级,LOC_UPG_WPN_030,Release
UPG_WPN_031,武器升级：WPN_FAC_11,Epic,Mid,Weapon,WeaponLv+,WPN_FAC_11,85,1,999,,,N,All,提升武器 WPN_FAC_11 等级,LOC_UPG_WPN_031,Release
UPG_WPN_032,武器升级：WPN_FAC_12,Epic,Mid,Weapon,WeaponLv+,WPN_FAC_12,84,1,999,,,N,All,提升武器 WPN_FAC_12 等级,LOC_UPG_WPN_032,Release
UPG_WPN_033,武器升级：WPN_SUM_01,Epic,Mid,Weapon,WeaponLv+,WPN_SUM_01,83,1,999,,,N,All,提升武器 WPN_SUM_01 等级,LOC_UPG_WPN_033,Release
UPG_WPN_034,武器升级：WPN_SUM_02,Epic,Mid,Weapon,WeaponLv+,WPN_SUM_02,82,1,999,,,N,All,提升武器 WPN_SUM_02 等级,LOC_UPG_WPN_034,Release
UPG_WPN_035,武器升级：WPN_SUM_03,Epic,Mid,Weapon,WeaponLv+,WPN_SUM_03,81,1,999,,,N,All,提升武器 WPN_SUM_03 等级,LOC_UPG_WPN_035,Release
UPG_WPN_036,武器升级：WPN_SUM_04,Epic,Mid,Weapon,WeaponLv+,WPN_SUM_04,80,1,999,,,N,All,提升武器 WPN_SUM_04 等级,LOC_UPG_WPN_036,Release
UPG_WPN_037,武器升级：WPN_SUM_05,Epic,Mid,Weapon,WeaponLv+,WPN_SUM_05,79,1,999,,,N,All,提升武器 WPN_SUM_05 等级,LOC_UPG_WPN_037,Release
UPG_WPN_038,武器升级：WPN_SUM_06,Epic,Mid,Weapon,WeaponLv+,WPN_SUM_06,78,1,999,,,N,All,提升武器 WPN_SUM_06 等级,LOC_UPG_WPN_038,Release
UPG_WPN_039,武器升级：WPN_SUM_07,Epic,Mid,Weapon,WeaponLv+,WPN_SUM_07,90,1,999,,,N,All,提升武器 WPN_SUM_07 等级,LOC_UPG_WPN_039,Release
UPG_WPN_040,武器升级：WPN_SUM_08,Epic,Mid,Weapon,WeaponLv+,WPN_SUM_08,89,1,999,,,N,All,提升武器 WPN_SUM_08 等级,LOC_UPG_WPN_040,Release
UPG_BUILD_001,流派核心：震地清屏流,Epic,Mid,Build,GrantTag,BUILD_QUAKE,40,5,999,AOE|Blunt,,N,All,大范围多段震荡，适合密集普通鼠,LOC_UPG_BUILD_001,Release
UPG_BUILD_002,流派核心：电链传导流,Epic,Mid,Build,GrantTag,BUILD_CHAIN,40,5,999,Shock|Chain,,N,All,感电扩散、连锁跳电、感电处决,LOC_UPG_BUILD_002,Release
UPG_BUILD_003,流派核心：终审处决流,Epic,Mid,Build,GrantTag,BUILD_EXEC,40,5,999,Execute|Control,,N,All,低血自动处决、精英压制,LOC_UPG_BUILD_003,Release
UPG_BUILD_004,流派核心：铸币暴富流,Epic,Mid,Build,GrantTag,BUILD_MINT,40,5,999,Gold|Economy,,N,All,金币转伤害、稀有鼠狩猎、利息型收益,LOC_UPG_BUILD_004,Release
UPG_BUILD_005,流派核心：无人机工厂流,Epic,Mid,Build,GrantTag,BUILD_HIVE,40,5,999,Automation|Drone,,N,All,高频自动索敌与洞口设施协同,LOC_UPG_BUILD_005,Release
UPG_BUILD_006,流派核心：爆燃炼金流,Epic,Mid,Build,GrantTag,BUILD_BURN,40,5,999,Fire|Explosive,,N,All,灼烧堆叠与击杀连爆,LOC_UPG_BUILD_006,Release
UPG_BUILD_007,流派核心：冻控压制流,Epic,Mid,Build,GrantTag,BUILD_FROST,40,5,999,Frost|Control,,N,All,减速冻结并放大易伤,LOC_UPG_BUILD_007,Release
UPG_BUILD_008,流派核心：暴击斩杀流,Epic,Mid,Build,GrantTag,BUILD_CRIT,40,5,999,Crit|Boss,,N,All,暴击、高伤和精英/Boss对策,LOC_UPG_BUILD_008,Release
UPG_BUILD_009,流派核心：环绕锯盘流,Epic,Mid,Build,GrantTag,BUILD_ORBIT,40,5,999,Orbit|AOE,,N,All,持续接触伤害+近场收割,LOC_UPG_BUILD_009,Release
UPG_BUILD_010,流派核心：图腾增幅流,Epic,Mid,Build,GrantTag,BUILD_TOTEM,40,5,999,Totem|Aura,,N,All,站场设施和范围光环扩张,LOC_UPG_BUILD_010,Release
UPG_BUILD_011,流派核心：堡垒续航流,Epic,Mid,Build,GrantTag,BUILD_TANK,40,5,999,Defense|Shield,,N,All,偏高难和Boss稳定通关,LOC_UPG_BUILD_011,Release
UPG_BUILD_012,流派核心：赌运奇迹流,Epic,Mid,Build,GrantTag,BUILD_GAMBLE,40,5,999,Risk|Gold,,N,All,不稳定但爆发收益极高,LOC_UPG_BUILD_012,Release
UPG_BUILD_013,流派核心：分裂收割流,Epic,Mid,Build,GrantTag,BUILD_SPLIT,40,5,999,AOE|OnKill,,N,All,击杀裂变和溢出传播,LOC_UPG_BUILD_013,Release
UPG_BUILD_014,流派核心：稀有猎人流,Epic,Mid,Build,GrantTag,BUILD_RARE,40,5,999,RareTarget|Economy,,N,All,传奇/宝箱目标收益最大化,LOC_UPG_BUILD_014,Release
UPG_BUILD_015,流派核心：连击狂热流,Epic,Mid,Build,GrantTag,BUILD_COMBO,40,5,999,Combo|Speed,,N,All,高频命中维持全局狂热,LOC_UPG_BUILD_015,Release
UPG_BUILD_016,流派核心：攻城打桩流,Epic,Mid,Build,GrantTag,BUILD_SIEGE,40,5,999,Pierce|Boss,,N,All,单体爆发和穿透,LOC_UPG_BUILD_016,Release
UPG_MISC_001,AOE升级 001,Common,Early,AOE,Stat,AOE,69,1,999,TAG_AOE,,N,DevFallback,AOE向泛用条目 1,LOC_UPG_MISC_001,Release
UPG_MISC_002,Crit升级 002,Common,Early,Crit,Stat,Crit,68,1,999,TAG_Crit,,N,DevFallback,Crit向泛用条目 2,LOC_UPG_MISC_002,Release
UPG_MISC_003,Gold升级 003,Common,Early,Gold,Stat,Gold,67,1,999,TAG_Gold,,N,DevFallback,Gold向泛用条目 3,LOC_UPG_MISC_003,Release
UPG_MISC_004,Execute升级 004,Common,Early,Execute,Stat,Execute,66,1,999,TAG_Execute,,N,DevFallback,Execute向泛用条目 4,LOC_UPG_MISC_004,Release
UPG_MISC_005,Automation升级 005,Common,Early,Automation,Stat,Automation,65,1,999,TAG_Automation,UPG_MISC_004,N,DevFallback,Automation向泛用条目 5,LOC_UPG_MISC_005,Release
UPG_MISC_006,Rare升级 006,Common,Early,Rare,Stat,Rare,64,1,999,TAG_Rare,UPG_MISC_005,N,DevFallback,Rare向泛用条目 6,LOC_UPG_MISC_006,Release
UPG_MISC_007,Defense升级 007,Common,Early,Defense,Stat,Defense,63,1,999,TAG_Defense,UPG_MISC_006,N,DevFallback,Defense向泛用条目 7,LOC_UPG_MISC_007,Release
UPG_MISC_008,Damage升级 008,Common,Early,Damage,Stat,Damage,62,1,999,TAG_Damage,UPG_MISC_007,N,DevFallback,Damage向泛用条目 8,LOC_UPG_MISC_008,Release
UPG_MISC_009,AOE升级 009,Common,Early,AOE,Stat,AOE,61,1,999,TAG_AOE,UPG_MISC_008,N,DevFallback,AOE向泛用条目 9,LOC_UPG_MISC_009,Release
UPG_MISC_010,Crit升级 010,Common,Early,Crit,Stat,Crit,60,1,999,TAG_Crit,UPG_MISC_009,N,DevFallback,Crit向泛用条目 10,LOC_UPG_MISC_010,Release
UPG_MISC_011,Gold升级 011,Common,Early,Gold,Stat,Gold,70,1,999,TAG_Gold,UPG_MISC_010,N,DevFallback,Gold向泛用条目 11,LOC_UPG_MISC_011,Release
UPG_MISC_012,Execute升级 012,Common,Early,Execute,Stat,Execute,69,1,999,TAG_Execute,UPG_MISC_011,N,DevFallback,Execute向泛用条目 12,LOC_UPG_MISC_012,Release
UPG_MISC_013,Automation升级 013,Common,Early,Automation,Stat,Automation,68,1,999,TAG_Automation,UPG_MISC_012,N,DevFallback,Automation向泛用条目 13,LOC_UPG_MISC_013,Release
UPG_MISC_014,Rare升级 014,Common,Early,Rare,Stat,Rare,67,1,999,TAG_Rare,UPG_MISC_013,N,DevFallback,Rare向泛用条目 14,LOC_UPG_MISC_014,Release
UPG_MISC_015,Defense升级 015,Common,Early,Defense,Stat,Defense,66,1,999,TAG_Defense,UPG_MISC_014,N,DevFallback,Defense向泛用条目 15,LOC_UPG_MISC_015,Release
UPG_MISC_016,Damage升级 016,Common,Early,Damage,Stat,Damage,65,1,999,TAG_Damage,UPG_MISC_015,N,DevFallback,Damage向泛用条目 16,LOC_UPG_MISC_016,Release
UPG_MISC_017,AOE升级 017,Common,Early,AOE,Stat,AOE,64,1,999,TAG_AOE,UPG_MISC_016,N,DevFallback,AOE向泛用条目 17,LOC_UPG_MISC_017,Release
UPG_MISC_018,Crit升级 018,Common,Early,Crit,Stat,Crit,63,1,999,TAG_Crit,UPG_MISC_017,N,DevFallback,Crit向泛用条目 18,LOC_UPG_MISC_018,Release
UPG_MISC_019,Gold升级 019,Common,Early,Gold,Stat,Gold,62,1,999,TAG_Gold,UPG_MISC_018,N,DevFallback,Gold向泛用条目 19,LOC_UPG_MISC_019,Release
UPG_MISC_020,Execute升级 020,Common,Early,Execute,Stat,Execute,61,1,999,TAG_Execute,UPG_MISC_019,N,DevFallback,Execute向泛用条目 20,LOC_UPG_MISC_020,Release
UPG_MISC_021,Automation升级 021,Common,Early,Automation,Stat,Automation,60,1,999,TAG_Automation,UPG_MISC_020,N,DevFallback,Automation向泛用条目 21,LOC_UPG_MISC_021,Release
UPG_MISC_022,Rare升级 022,Common,Early,Rare,Stat,Rare,70,1,999,TAG_Rare,UPG_MISC_021,N,DevFallback,Rare向泛用条目 22,LOC_UPG_MISC_022,Release
UPG_MISC_023,Defense升级 023,Common,Early,Defense,Stat,Defense,69,1,999,TAG_Defense,UPG_MISC_022,N,DevFallback,Defense向泛用条目 23,LOC_UPG_MISC_023,Release
UPG_MISC_024,Damage升级 024,Common,Early,Damage,Stat,Damage,68,1,999,TAG_Damage,UPG_MISC_023,N,DevFallback,Damage向泛用条目 24,LOC_UPG_MISC_024,Release
UPG_MISC_025,AOE升级 025,Common,Early,AOE,Stat,AOE,67,1,999,TAG_AOE,UPG_MISC_024,N,DevFallback,AOE向泛用条目 25,LOC_UPG_MISC_025,Release
UPG_MISC_026,Crit升级 026,Common,Early,Crit,Stat,Crit,66,1,999,TAG_Crit,UPG_MISC_025,N,DevFallback,Crit向泛用条目 26,LOC_UPG_MISC_026,Release
UPG_MISC_027,Gold升级 027,Common,Early,Gold,Stat,Gold,65,1,999,TAG_Gold,UPG_MISC_026,N,DevFallback,Gold向泛用条目 27,LOC_UPG_MISC_027,Release
UPG_MISC_028,Execute升级 028,Common,Early,Execute,Stat,Execute,64,1,999,TAG_Execute,UPG_MISC_027,N,DevFallback,Execute向泛用条目 28,LOC_UPG_MISC_028,Release
UPG_MISC_029,Automation升级 029,Common,Early,Automation,Stat,Automation,63,1,999,TAG_Automation,UPG_MISC_028,N,DevFallback,Automation向泛用条目 29,LOC_UPG_MISC_029,Release
UPG_MISC_030,Rare升级 030,Common,Early,Rare,Stat,Rare,62,1,999,TAG_Rare,UPG_MISC_029,N,DevFallback,Rare向泛用条目 30,LOC_UPG_MISC_030,Release
UPG_MISC_031,Defense升级 031,Common,Early,Defense,Stat,Defense,61,1,999,TAG_Defense,UPG_MISC_030,N,DevFallback,Defense向泛用条目 31,LOC_UPG_MISC_031,Release
UPG_MISC_032,Damage升级 032,Common,Early,Damage,Stat,Damage,60,1,999,TAG_Damage,UPG_MISC_031,N,DevFallback,Damage向泛用条目 32,LOC_UPG_MISC_032,Release
UPG_MISC_033,AOE升级 033,Common,Early,AOE,Stat,AOE,70,1,999,TAG_AOE,UPG_MISC_032,N,DevFallback,AOE向泛用条目 33,LOC_UPG_MISC_033,Release
UPG_MISC_034,Crit升级 034,Common,Early,Crit,Stat,Crit,69,1,999,TAG_Crit,UPG_MISC_033,N,DevFallback,Crit向泛用条目 34,LOC_UPG_MISC_034,Release
UPG_MISC_035,Gold升级 035,Common,Early,Gold,Stat,Gold,68,1,999,TAG_Gold,UPG_MISC_034,N,DevFallback,Gold向泛用条目 35,LOC_UPG_MISC_035,Release
UPG_MISC_036,Execute升级 036,Uncommon,Early,Execute,Stat,Execute,67,1,999,TAG_Execute,UPG_MISC_035,N,DevFallback,Execute向泛用条目 36,LOC_UPG_MISC_036,Release
UPG_MISC_037,Automation升级 037,Uncommon,Early,Automation,Stat,Automation,66,1,999,TAG_Automation,UPG_MISC_036,N,DevFallback,Automation向泛用条目 37,LOC_UPG_MISC_037,Release
UPG_MISC_038,Rare升级 038,Uncommon,Early,Rare,Stat,Rare,65,1,999,TAG_Rare,UPG_MISC_037,N,DevFallback,Rare向泛用条目 38,LOC_UPG_MISC_038,Release
UPG_MISC_039,Defense升级 039,Uncommon,Early,Defense,Stat,Defense,64,1,999,TAG_Defense,UPG_MISC_038,N,DevFallback,Defense向泛用条目 39,LOC_UPG_MISC_039,Release
UPG_MISC_040,Damage升级 040,Uncommon,Early,Damage,Stat,Damage,63,1,999,TAG_Damage,UPG_MISC_039,N,DevFallback,Damage向泛用条目 40,LOC_UPG_MISC_040,Release
UPG_MISC_041,AOE升级 041,Uncommon,Early,AOE,Stat,AOE,62,1,999,TAG_AOE,UPG_MISC_040,N,DevFallback,AOE向泛用条目 41,LOC_UPG_MISC_041,Release
UPG_MISC_042,Crit升级 042,Uncommon,Early,Crit,Stat,Crit,61,1,999,TAG_Crit,UPG_MISC_041,N,DevFallback,Crit向泛用条目 42,LOC_UPG_MISC_042,Release
UPG_MISC_043,Gold升级 043,Uncommon,Early,Gold,Stat,Gold,60,1,999,TAG_Gold,UPG_MISC_042,N,DevFallback,Gold向泛用条目 43,LOC_UPG_MISC_043,Release
UPG_MISC_044,Execute升级 044,Uncommon,Early,Execute,Stat,Execute,70,1,999,TAG_Execute,UPG_MISC_043,N,DevFallback,Execute向泛用条目 44,LOC_UPG_MISC_044,Release
UPG_MISC_045,Automation升级 045,Uncommon,Mid,Automation,Stat,Automation,69,1,999,TAG_Automation,UPG_MISC_044,N,DevFallback,Automation向泛用条目 45,LOC_UPG_MISC_045,Release
UPG_MISC_046,Rare升级 046,Uncommon,Mid,Rare,Stat,Rare,68,1,999,TAG_Rare,UPG_MISC_045,N,DevFallback,Rare向泛用条目 46,LOC_UPG_MISC_046,Release
UPG_MISC_047,Defense升级 047,Uncommon,Mid,Defense,Stat,Defense,67,1,999,TAG_Defense,UPG_MISC_046,N,DevFallback,Defense向泛用条目 47,LOC_UPG_MISC_047,Release
UPG_MISC_048,Damage升级 048,Uncommon,Mid,Damage,Stat,Damage,66,1,999,TAG_Damage,UPG_MISC_047,N,DevFallback,Damage向泛用条目 48,LOC_UPG_MISC_048,Release
UPG_MISC_049,AOE升级 049,Uncommon,Mid,AOE,Stat,AOE,65,1,999,TAG_AOE,UPG_MISC_048,N,DevFallback,AOE向泛用条目 49,LOC_UPG_MISC_049,Release
UPG_MISC_050,Crit升级 050,Uncommon,Mid,Crit,Stat,Crit,64,1,999,TAG_Crit,UPG_MISC_049,N,DevFallback,Crit向泛用条目 50,LOC_UPG_MISC_050,Release
UPG_MISC_051,Gold升级 051,Uncommon,Mid,Gold,Stat,Gold,63,1,999,TAG_Gold,UPG_MISC_050,N,DevFallback,Gold向泛用条目 51,LOC_UPG_MISC_051,Release
UPG_MISC_052,Execute升级 052,Uncommon,Mid,Execute,Stat,Execute,62,1,999,TAG_Execute,UPG_MISC_051,N,DevFallback,Execute向泛用条目 52,LOC_UPG_MISC_052,Release
UPG_MISC_053,Automation升级 053,Uncommon,Mid,Automation,Stat,Automation,61,1,999,TAG_Automation,UPG_MISC_052,N,DevFallback,Automation向泛用条目 53,LOC_UPG_MISC_053,Release
UPG_MISC_054,Rare升级 054,Uncommon,Mid,Rare,Stat,Rare,60,1,999,TAG_Rare,UPG_MISC_053,N,DevFallback,Rare向泛用条目 54,LOC_UPG_MISC_054,Release
UPG_MISC_055,Defense升级 055,Uncommon,Mid,Defense,Stat,Defense,70,1,999,TAG_Defense,UPG_MISC_054,N,DevFallback,Defense向泛用条目 55,LOC_UPG_MISC_055,Release
UPG_MISC_056,Damage升级 056,Uncommon,Mid,Damage,Stat,Damage,69,1,999,TAG_Damage,UPG_MISC_055,N,DevFallback,Damage向泛用条目 56,LOC_UPG_MISC_056,Release
UPG_MISC_057,AOE升级 057,Uncommon,Mid,AOE,Stat,AOE,68,1,999,TAG_AOE,UPG_MISC_056,N,DevFallback,AOE向泛用条目 57,LOC_UPG_MISC_057,Release
UPG_MISC_058,Crit升级 058,Uncommon,Mid,Crit,Stat,Crit,67,1,999,TAG_Crit,UPG_MISC_057,N,DevFallback,Crit向泛用条目 58,LOC_UPG_MISC_058,Release
UPG_MISC_059,Gold升级 059,Uncommon,Mid,Gold,Stat,Gold,66,1,999,TAG_Gold,UPG_MISC_058,N,DevFallback,Gold向泛用条目 59,LOC_UPG_MISC_059,Release
UPG_MISC_060,Execute升级 060,Uncommon,Mid,Execute,Stat,Execute,65,1,999,TAG_Execute,UPG_MISC_059,N,DevFallback,Execute向泛用条目 60,LOC_UPG_MISC_060,Release
UPG_MISC_061,Automation升级 061,Uncommon,Mid,Automation,Stat,Automation,64,1,999,TAG_Automation,UPG_MISC_060,N,DevFallback,Automation向泛用条目 61,LOC_UPG_MISC_061,Release
UPG_MISC_062,Rare升级 062,Uncommon,Mid,Rare,Stat,Rare,63,1,999,TAG_Rare,UPG_MISC_061,N,DevFallback,Rare向泛用条目 62,LOC_UPG_MISC_062,Release
UPG_MISC_063,Defense升级 063,Uncommon,Mid,Defense,Stat,Defense,62,1,999,TAG_Defense,UPG_MISC_062,N,DevFallback,Defense向泛用条目 63,LOC_UPG_MISC_063,Release
UPG_MISC_064,Damage升级 064,Uncommon,Mid,Damage,Stat,Damage,61,1,999,TAG_Damage,UPG_MISC_063,N,DevFallback,Damage向泛用条目 64,LOC_UPG_MISC_064,Release
UPG_MISC_065,AOE升级 065,Uncommon,Mid,AOE,Stat,AOE,60,1,999,TAG_AOE,UPG_MISC_064,N,DevFallback,AOE向泛用条目 65,LOC_UPG_MISC_065,Release
UPG_MISC_066,Crit升级 066,Uncommon,Mid,Crit,Stat,Crit,70,1,999,TAG_Crit,UPG_MISC_065,N,DevFallback,Crit向泛用条目 66,LOC_UPG_MISC_066,Release
UPG_MISC_067,Gold升级 067,Uncommon,Mid,Gold,Stat,Gold,69,1,999,TAG_Gold,UPG_MISC_066,N,DevFallback,Gold向泛用条目 67,LOC_UPG_MISC_067,Release
UPG_MISC_068,Execute升级 068,Uncommon,Mid,Execute,Stat,Execute,68,1,999,TAG_Execute,UPG_MISC_067,N,DevFallback,Execute向泛用条目 68,LOC_UPG_MISC_068,Release
UPG_MISC_069,Automation升级 069,Uncommon,Mid,Automation,Stat,Automation,67,1,999,TAG_Automation,UPG_MISC_068,N,DevFallback,Automation向泛用条目 69,LOC_UPG_MISC_069,Release
UPG_MISC_070,Rare升级 070,Uncommon,Mid,Rare,Stat,Rare,66,1,999,TAG_Rare,UPG_MISC_069,N,DevFallback,Rare向泛用条目 70,LOC_UPG_MISC_070,Release
UPG_MISC_071,Defense升级 071,Rare,Mid,Defense,Stat,Defense,65,1,999,TAG_Defense,UPG_MISC_070,N,DevFallback,Defense向泛用条目 71,LOC_UPG_MISC_071,Release
UPG_MISC_072,Damage升级 072,Rare,Mid,Damage,Stat,Damage,64,1,999,TAG_Damage,UPG_MISC_071,N,DevFallback,Damage向泛用条目 72,LOC_UPG_MISC_072,Release
UPG_MISC_073,AOE升级 073,Rare,Mid,AOE,Stat,AOE,63,1,999,TAG_AOE,UPG_MISC_072,N,DevFallback,AOE向泛用条目 73,LOC_UPG_MISC_073,Release
UPG_MISC_074,Crit升级 074,Rare,Mid,Crit,Stat,Crit,62,1,999,TAG_Crit,UPG_MISC_073,N,DevFallback,Crit向泛用条目 74,LOC_UPG_MISC_074,Release
UPG_MISC_075,Gold升级 075,Rare,Mid,Gold,Stat,Gold,61,1,999,TAG_Gold,UPG_MISC_074,N,DevFallback,Gold向泛用条目 75,LOC_UPG_MISC_075,Release
UPG_MISC_076,Execute升级 076,Rare,Mid,Execute,Stat,Execute,60,1,999,TAG_Execute,UPG_MISC_075,N,DevFallback,Execute向泛用条目 76,LOC_UPG_MISC_076,Release
UPG_MISC_077,Automation升级 077,Rare,Mid,Automation,Stat,Automation,70,1,999,TAG_Automation,UPG_MISC_076,N,DevFallback,Automation向泛用条目 77,LOC_UPG_MISC_077,Release
UPG_MISC_078,Rare升级 078,Rare,Mid,Rare,Stat,Rare,69,1,999,TAG_Rare,UPG_MISC_077,N,DevFallback,Rare向泛用条目 78,LOC_UPG_MISC_078,Release
UPG_MISC_079,Defense升级 079,Rare,Mid,Defense,Stat,Defense,68,1,999,TAG_Defense,UPG_MISC_078,N,DevFallback,Defense向泛用条目 79,LOC_UPG_MISC_079,Release
UPG_MISC_080,Damage升级 080,Rare,Mid,Damage,Stat,Damage,67,1,999,TAG_Damage,UPG_MISC_079,N,DevFallback,Damage向泛用条目 80,LOC_UPG_MISC_080,Release
UPG_MISC_081,AOE升级 081,Rare,Mid,AOE,Stat,AOE,66,1,999,TAG_AOE,UPG_MISC_080,N,DevFallback,AOE向泛用条目 81,LOC_UPG_MISC_081,Release
UPG_MISC_082,Crit升级 082,Rare,Mid,Crit,Stat,Crit,65,1,999,TAG_Crit,UPG_MISC_081,N,DevFallback,Crit向泛用条目 82,LOC_UPG_MISC_082,Release
UPG_MISC_083,Gold升级 083,Rare,Mid,Gold,Stat,Gold,64,1,999,TAG_Gold,UPG_MISC_082,N,DevFallback,Gold向泛用条目 83,LOC_UPG_MISC_083,Release
UPG_MISC_084,Execute升级 084,Rare,Mid,Execute,Stat,Execute,63,1,999,TAG_Execute,UPG_MISC_083,N,DevFallback,Execute向泛用条目 84,LOC_UPG_MISC_084,Release
UPG_MISC_085,Automation升级 085,Rare,Mid,Automation,Stat,Automation,62,1,999,TAG_Automation,UPG_MISC_084,N,DevFallback,Automation向泛用条目 85,LOC_UPG_MISC_085,Release
UPG_MISC_086,Rare升级 086,Rare,Mid,Rare,Stat,Rare,61,1,999,TAG_Rare,UPG_MISC_085,N,DevFallback,Rare向泛用条目 86,LOC_UPG_MISC_086,Release
UPG_MISC_087,Defense升级 087,Rare,Mid,Defense,Stat,Defense,60,1,999,TAG_Defense,UPG_MISC_086,N,DevFallback,Defense向泛用条目 87,LOC_UPG_MISC_087,Release
UPG_MISC_088,Damage升级 088,Rare,Mid,Damage,Stat,Damage,70,1,999,TAG_Damage,UPG_MISC_087,N,DevFallback,Damage向泛用条目 88,LOC_UPG_MISC_088,Release
UPG_MISC_089,AOE升级 089,Rare,Mid,AOE,Stat,AOE,69,1,999,TAG_AOE,UPG_MISC_088,N,DevFallback,AOE向泛用条目 89,LOC_UPG_MISC_089,Release
UPG_MISC_090,Crit升级 090,Rare,Mid,Crit,Stat,Crit,68,1,999,TAG_Crit,UPG_MISC_089,N,DevFallback,Crit向泛用条目 90,LOC_UPG_MISC_090,Release
UPG_MISC_091,Gold升级 091,Rare,Mid,Gold,Stat,Gold,67,1,999,TAG_Gold,UPG_MISC_090,N,DevFallback,Gold向泛用条目 91,LOC_UPG_MISC_091,Release
UPG_MISC_092,Execute升级 092,Rare,Mid,Execute,Stat,Execute,66,1,999,TAG_Execute,UPG_MISC_091,N,DevFallback,Execute向泛用条目 92,LOC_UPG_MISC_092,Release
UPG_MISC_093,Automation升级 093,Rare,Mid,Automation,Stat,Automation,65,1,999,TAG_Automation,UPG_MISC_092,N,DevFallback,Automation向泛用条目 93,LOC_UPG_MISC_093,Release
UPG_MISC_094,Rare升级 094,Rare,Mid,Rare,Stat,Rare,64,1,999,TAG_Rare,UPG_MISC_093,N,DevFallback,Rare向泛用条目 94,LOC_UPG_MISC_094,Release
UPG_MISC_095,Defense升级 095,Rare,Mid,Defense,Stat,Defense,63,1,999,TAG_Defense,UPG_MISC_094,N,DevFallback,Defense向泛用条目 95,LOC_UPG_MISC_095,Release
UPG_MISC_096,Damage升级 096,Rare,Mid,Damage,Stat,Damage,62,1,999,TAG_Damage,UPG_MISC_095,N,DevFallback,Damage向泛用条目 96,LOC_UPG_MISC_096,Release
UPG_MISC_097,AOE升级 097,Rare,Mid,AOE,Stat,AOE,61,1,999,TAG_AOE,UPG_MISC_096,N,DevFallback,AOE向泛用条目 97,LOC_UPG_MISC_097,Release
UPG_MISC_098,Crit升级 098,Rare,Mid,Crit,Stat,Crit,60,1,999,TAG_Crit,UPG_MISC_097,N,DevFallback,Crit向泛用条目 98,LOC_UPG_MISC_098,Release
UPG_MISC_099,Gold升级 099,Rare,Mid,Gold,Stat,Gold,70,1,999,TAG_Gold,UPG_MISC_098,N,DevFallback,Gold向泛用条目 99,LOC_UPG_MISC_099,Release
UPG_MISC_100,Execute升级 100,Rare,Mid,Execute,Stat,Execute,69,1,999,TAG_Execute,UPG_MISC_099,N,DevFallback,Execute向泛用条目 100,LOC_UPG_MISC_100,Release
UPG_MISC_101,Automation升级 101,Rare,Mid,Automation,Stat,Automation,68,1,999,TAG_Automation,UPG_MISC_100,N,DevFallback,Automation向泛用条目 101,LOC_UPG_MISC_101,Release
UPG_MISC_102,Rare升级 102,Rare,Mid,Rare,Stat,Rare,67,1,999,TAG_Rare,UPG_MISC_101,N,DevFallback,Rare向泛用条目 102,LOC_UPG_MISC_102,Release
UPG_MISC_103,Defense升级 103,Rare,Mid,Defense,Stat,Defense,66,1,999,TAG_Defense,UPG_MISC_102,N,DevFallback,Defense向泛用条目 103,LOC_UPG_MISC_103,Release
UPG_MISC_104,Damage升级 104,Rare,Mid,Damage,Stat,Damage,65,1,999,TAG_Damage,UPG_MISC_103,N,DevFallback,Damage向泛用条目 104,LOC_UPG_MISC_104,Release
UPG_MISC_105,AOE升级 105,Rare,Mid,AOE,Stat,AOE,64,1,999,TAG_AOE,UPG_MISC_104,N,DevFallback,AOE向泛用条目 105,LOC_UPG_MISC_105,Release
UPG_MISC_106,Crit升级 106,Epic,Mid,Crit,Stat,Crit,63,1,999,TAG_Crit,UPG_MISC_105,N,DevFallback,Crit向泛用条目 106,LOC_UPG_MISC_106,Release
UPG_MISC_107,Gold升级 107,Epic,Mid,Gold,Stat,Gold,62,1,999,TAG_Gold,UPG_MISC_106,N,DevFallback,Gold向泛用条目 107,LOC_UPG_MISC_107,Release
UPG_MISC_108,Execute升级 108,Epic,Mid,Execute,Stat,Execute,61,1,999,TAG_Execute,UPG_MISC_107,N,DevFallback,Execute向泛用条目 108,LOC_UPG_MISC_108,Release
UPG_MISC_109,Automation升级 109,Epic,Mid,Automation,Stat,Automation,60,1,999,TAG_Automation,UPG_MISC_108,N,DevFallback,Automation向泛用条目 109,LOC_UPG_MISC_109,Release
UPG_MISC_110,Rare升级 110,Epic,Mid,Rare,Stat,Rare,70,1,999,TAG_Rare,UPG_MISC_109,N,DevFallback,Rare向泛用条目 110,LOC_UPG_MISC_110,Release
UPG_MISC_111,Defense升级 111,Epic,Mid,Defense,Stat,Defense,69,1,999,TAG_Defense,UPG_MISC_110,N,DevFallback,Defense向泛用条目 111,LOC_UPG_MISC_111,Release
UPG_MISC_112,Damage升级 112,Epic,Mid,Damage,Stat,Damage,68,1,999,TAG_Damage,UPG_MISC_111,N,DevFallback,Damage向泛用条目 112,LOC_UPG_MISC_112,Release
UPG_MISC_113,AOE升级 113,Epic,Mid,AOE,Stat,AOE,67,1,999,TAG_AOE,UPG_MISC_112,N,DevFallback,AOE向泛用条目 113,LOC_UPG_MISC_113,Release
UPG_MISC_114,Crit升级 114,Epic,Mid,Crit,Stat,Crit,66,1,999,TAG_Crit,UPG_MISC_113,N,DevFallback,Crit向泛用条目 114,LOC_UPG_MISC_114,Release
UPG_MISC_115,Gold升级 115,Epic,Mid,Gold,Stat,Gold,65,1,999,TAG_Gold,UPG_MISC_114,N,DevFallback,Gold向泛用条目 115,LOC_UPG_MISC_115,Release
UPG_MISC_116,Execute升级 116,Epic,Mid,Execute,Stat,Execute,64,1,999,TAG_Execute,UPG_MISC_115,N,DevFallback,Execute向泛用条目 116,LOC_UPG_MISC_116,Release
UPG_MISC_117,Automation升级 117,Epic,Mid,Automation,Stat,Automation,63,1,999,TAG_Automation,UPG_MISC_116,N,DevFallback,Automation向泛用条目 117,LOC_UPG_MISC_117,Release
UPG_MISC_118,Rare升级 118,Epic,Mid,Rare,Stat,Rare,62,1,999,TAG_Rare,UPG_MISC_117,N,DevFallback,Rare向泛用条目 118,LOC_UPG_MISC_118,Release
UPG_MISC_119,Defense升级 119,Epic,Mid,Defense,Stat,Defense,61,1,999,TAG_Defense,UPG_MISC_118,N,DevFallback,Defense向泛用条目 119,LOC_UPG_MISC_119,Release
UPG_MISC_120,Damage升级 120,Epic,Late,Damage,Stat,Damage,60,1,999,TAG_Damage,UPG_MISC_119,N,DevFallback,Damage向泛用条目 120,LOC_UPG_MISC_120,Release
UPG_MISC_121,AOE升级 121,Epic,Late,AOE,Stat,AOE,70,1,999,TAG_AOE,UPG_MISC_120,N,DevFallback,AOE向泛用条目 121,LOC_UPG_MISC_121,Release
UPG_MISC_122,Crit升级 122,Epic,Late,Crit,Stat,Crit,69,1,999,TAG_Crit,UPG_MISC_121,N,DevFallback,Crit向泛用条目 122,LOC_UPG_MISC_122,Release
UPG_MISC_123,Gold升级 123,Epic,Late,Gold,Stat,Gold,68,1,999,TAG_Gold,UPG_MISC_122,N,DevFallback,Gold向泛用条目 123,LOC_UPG_MISC_123,Release
UPG_MISC_124,Execute升级 124,Epic,Late,Execute,Stat,Execute,67,1,999,TAG_Execute,UPG_MISC_123,N,DevFallback,Execute向泛用条目 124,LOC_UPG_MISC_124,Release
UPG_MISC_125,Automation升级 125,Epic,Late,Automation,Stat,Automation,66,1,999,TAG_Automation,UPG_MISC_124,N,DevFallback,Automation向泛用条目 125,LOC_UPG_MISC_125,Release
UPG_MISC_126,Rare升级 126,Epic,Late,Rare,Stat,Rare,65,1,999,TAG_Rare,UPG_MISC_125,N,DevFallback,Rare向泛用条目 126,LOC_UPG_MISC_126,Release
UPG_MISC_127,Defense升级 127,Epic,Late,Defense,Stat,Defense,64,1,999,TAG_Defense,UPG_MISC_126,N,DevFallback,Defense向泛用条目 127,LOC_UPG_MISC_127,Release
UPG_MISC_128,Damage升级 128,Epic,Late,Damage,Stat,Damage,63,1,999,TAG_Damage,UPG_MISC_127,N,DevFallback,Damage向泛用条目 128,LOC_UPG_MISC_128,Release
UPG_MISC_129,AOE升级 129,Epic,Late,AOE,Stat,AOE,62,1,999,TAG_AOE,UPG_MISC_128,N,DevFallback,AOE向泛用条目 129,LOC_UPG_MISC_129,Release
UPG_MISC_130,Crit升级 130,Epic,Late,Crit,Stat,Crit,61,1,999,TAG_Crit,UPG_MISC_129,N,DevFallback,Crit向泛用条目 130,LOC_UPG_MISC_130,Release
UPG_MISC_131,Gold升级 131,Epic,Late,Gold,Stat,Gold,60,1,999,TAG_Gold,UPG_MISC_130,N,DevFallback,Gold向泛用条目 131,LOC_UPG_MISC_131,Release
UPG_MISC_132,Execute升级 132,Epic,Late,Execute,Stat,Execute,70,1,999,TAG_Execute,UPG_MISC_131,N,DevFallback,Execute向泛用条目 132,LOC_UPG_MISC_132,Release
UPG_MISC_133,Automation升级 133,Epic,Late,Automation,Stat,Automation,69,1,999,TAG_Automation,UPG_MISC_132,N,DevFallback,Automation向泛用条目 133,LOC_UPG_MISC_133,Release
UPG_MISC_134,Rare升级 134,Epic,Late,Rare,Stat,Rare,68,1,999,TAG_Rare,UPG_MISC_133,N,DevFallback,Rare向泛用条目 134,LOC_UPG_MISC_134,Release
UPG_MISC_135,Defense升级 135,Epic,Late,Defense,Stat,Defense,67,1,999,TAG_Defense,UPG_MISC_134,N,DevFallback,Defense向泛用条目 135,LOC_UPG_MISC_135,Release
UPG_MISC_136,Damage升级 136,Epic,Late,Damage,Stat,Damage,66,1,999,TAG_Damage,UPG_MISC_135,N,DevFallback,Damage向泛用条目 136,LOC_UPG_MISC_136,Release
UPG_MISC_137,AOE升级 137,Epic,Late,AOE,Stat,AOE,65,1,999,TAG_AOE,UPG_MISC_136,N,DevFallback,AOE向泛用条目 137,LOC_UPG_MISC_137,Release
UPG_MISC_138,Crit升级 138,Epic,Late,Crit,Stat,Crit,64,1,999,TAG_Crit,UPG_MISC_137,N,DevFallback,Crit向泛用条目 138,LOC_UPG_MISC_138,Release
UPG_MISC_139,Gold升级 139,Epic,Late,Gold,Stat,Gold,63,1,999,TAG_Gold,UPG_MISC_138,N,DevFallback,Gold向泛用条目 139,LOC_UPG_MISC_139,Release
UPG_MISC_140,Execute升级 140,Epic,Late,Execute,Stat,Execute,62,1,999,TAG_Execute,UPG_MISC_139,N,DevFallback,Execute向泛用条目 140,LOC_UPG_MISC_140,Release
UPG_MISC_141,Automation升级 141,Legendary,Late,Automation,Stat,Automation,61,1,999,TAG_Automation,UPG_MISC_140,N,DevFallback,Automation向泛用条目 141,LOC_UPG_MISC_141,Release
UPG_MISC_142,Rare升级 142,Legendary,Late,Rare,Stat,Rare,60,1,999,TAG_Rare,UPG_MISC_141,N,DevFallback,Rare向泛用条目 142,LOC_UPG_MISC_142,Release
UPG_MISC_143,Defense升级 143,Legendary,Late,Defense,Stat,Defense,70,1,999,TAG_Defense,UPG_MISC_142,N,DevFallback,Defense向泛用条目 143,LOC_UPG_MISC_143,Release
UPG_MISC_144,Damage升级 144,Legendary,Late,Damage,Stat,Damage,69,1,999,TAG_Damage,UPG_MISC_143,N,DevFallback,Damage向泛用条目 144,LOC_UPG_MISC_144,Release
UPG_MISC_145,AOE升级 145,Legendary,Late,AOE,Stat,AOE,68,1,999,TAG_AOE,UPG_MISC_144,N,DevFallback,AOE向泛用条目 145,LOC_UPG_MISC_145,Release
UPG_MISC_146,Crit升级 146,Legendary,Late,Crit,Stat,Crit,67,1,999,TAG_Crit,UPG_MISC_145,N,DevFallback,Crit向泛用条目 146,LOC_UPG_MISC_146,Release
UPG_MISC_147,Gold升级 147,Legendary,Late,Gold,Stat,Gold,66,1,999,TAG_Gold,UPG_MISC_146,N,DevFallback,Gold向泛用条目 147,LOC_UPG_MISC_147,Release
UPG_MISC_148,Execute升级 148,Legendary,Late,Execute,Stat,Execute,65,1,999,TAG_Execute,UPG_MISC_147,N,DevFallback,Execute向泛用条目 148,LOC_UPG_MISC_148,Release
UPG_MISC_149,Automation升级 149,Legendary,Late,Automation,Stat,Automation,64,1,999,TAG_Automation,UPG_MISC_148,N,DevFallback,Automation向泛用条目 149,LOC_UPG_MISC_149,Release
UPG_MISC_150,Rare升级 150,Legendary,Late,Rare,Stat,Rare,63,1,999,TAG_Rare,UPG_MISC_149,N,DevFallback,Rare向泛用条目 150,LOC_UPG_MISC_150,Release
UPG_MISC_151,Defense升级 151,Legendary,Late,Defense,Stat,Defense,62,1,999,TAG_Defense,UPG_MISC_150,N,DevFallback,Defense向泛用条目 151,LOC_UPG_MISC_151,Release
UPG_MISC_152,Damage升级 152,Legendary,Late,Damage,Stat,Damage,61,1,999,TAG_Damage,UPG_MISC_151,N,DevFallback,Damage向泛用条目 152,LOC_UPG_MISC_152,Release
UPG_MISC_153,AOE升级 153,Legendary,Late,AOE,Stat,AOE,60,1,999,TAG_AOE,UPG_MISC_152,N,DevFallback,AOE向泛用条目 153,LOC_UPG_MISC_153,Release
UPG_MISC_154,Crit升级 154,Legendary,Late,Crit,Stat,Crit,70,1,999,TAG_Crit,UPG_MISC_153,N,DevFallback,Crit向泛用条目 154,LOC_UPG_MISC_154,Release
UPG_MISC_155,Gold升级 155,Legendary,Late,Gold,Stat,Gold,69,1,999,TAG_Gold,UPG_MISC_154,N,DevFallback,Gold向泛用条目 155,LOC_UPG_MISC_155,Release
UPG_MISC_156,Execute升级 156,Legendary,Late,Execute,Stat,Execute,68,1,999,TAG_Execute,UPG_MISC_155,N,DevFallback,Execute向泛用条目 156,LOC_UPG_MISC_156,Release
UPG_MISC_157,Automation升级 157,Legendary,Late,Automation,Stat,Automation,67,1,999,TAG_Automation,UPG_MISC_156,N,DevFallback,Automation向泛用条目 157,LOC_UPG_MISC_157,Release
UPG_MISC_158,Rare升级 158,Legendary,Late,Rare,Stat,Rare,66,1,999,TAG_Rare,UPG_MISC_157,N,DevFallback,Rare向泛用条目 158,LOC_UPG_MISC_158,Release
UPG_MISC_159,Defense升级 159,Legendary,Late,Defense,Stat,Defense,65,1,999,TAG_Defense,UPG_MISC_158,N,DevFallback,Defense向泛用条目 159,LOC_UPG_MISC_159,Release
UPG_MISC_160,Damage升级 160,Legendary,Late,Damage,Stat,Damage,64,1,999,TAG_Damage,UPG_MISC_159,N,DevFallback,Damage向泛用条目 160,LOC_UPG_MISC_160,Release
