WeaponLvID,WeaponID,Lv,DamageMult,CDMult,RadiusMult,ExtraHits,CritAdd,NodeDesc,Milestone,NodeTag,LocKey,GrantType,Version
WPN_WOOD_LV01,WPN_WOOD,1,1,1,1,0,0,优先强化 伤害,N,Damage,LOC_WPN_WOOD_01,WeaponLv,Release
WPN_WOOD_LV02,WPN_WOOD,2,1.18,0.96,1.09,0,0.01,优先强化 伤害,N,Speed,LOC_WPN_WOOD_02,WeaponLv,Release
WPN_WOOD_LV03,WPN_WOOD,3,1.36,0.92,1.18,0,0.02,优先强化 行为,Y,Damage,LOC_WPN_WOOD_03,WeaponLv,Release
WPN_WOOD_LV04,WPN_WOOD,4,1.54,0.88,1.27,1,0.03,优先强化 伤害,N,AOE,LOC_WPN_WOOD_04,WeaponLv,Release
WPN_WOOD_LV05,WPN_WOOD,5,1.72,0.84,1.36,1,0.04,优先强化 伤害,N,Damage,LOC_WPN_WOOD_05,WeaponLv,Release
WPN_WOOD_LV06,WPN_WOOD,6,1.9,0.8,1.45,1,0.05,优先强化 行为,Y,Speed,LOC_WPN_WOOD_06,WeaponLv,Release
WPN_WOOD_LV07,WPN_WOOD,7,2.08,0.76,1.54,2,0.06,优先强化 伤害,N,Damage,LOC_WPN_WOOD_07,WeaponLv,Release
WPN_WOOD_LV08,WPN_WOOD,8,2.26,0.72,1.63,2,0.07,优先强化 伤害,N,AOE,LOC_WPN_WOOD_08,WeaponLv,Release
WPN_WOOD_LV09,WPN_WOOD,9,2.44,0.68,1.72,2,0.08,优先强化 行为,Y,Damage,LOC_WPN_WOOD_09,WeaponLv,Release
WPN_WOOD_LV10,WPN_WOOD,10,2.62,0.64,1.81,3,0.09,优先强化 伤害,N,Speed,LOC_WPN_WOOD_10,WeaponLv,Release
WPN_WOOD_LV11,WPN_WOOD,11,2.8,0.6,1.9,3,0.1,优先强化 伤害,N,Damage,LOC_WPN_WOOD_11,WeaponLv,Release
WPN_WOOD_LV12,WPN_WOOD,12,2.98,0.56,1.99,3,0.11,优先强化 行为,Y,AOE,LOC_WPN_WOOD_12,WeaponLv,Release
WPN_IRON_LV01,WPN_IRON,1,1,1,1,0,0,优先强化 伤害,N,Damage,LOC_WPN_IRON_01,WeaponLv,Release
WPN_IRON_LV02,WPN_IRON,2,1.18,0.96,1.09,0,0.01,优先强化 伤害,N,Speed,LOC_WPN_IRON_02,WeaponLv,Release
WPN_IRON_LV03,WPN_IRON,3,1.36,0.92,1.18,0,0.02,优先强化 行为,Y,Damage,LOC_WPN_IRON_03,WeaponLv,Release
WPN_IRON_LV04,WPN_IRON,4,1.54,0.88,1.27,1,0.03,优先强化 伤害,N,AOE,LOC_WPN_IRON_04,WeaponLv,Release
WPN_IRON_LV05,WPN_IRON,5,1.72,0.84,1.36,1,0.04,优先强化 伤害,N,Damage,LOC_WPN_IRON_05,WeaponLv,Release
WPN_IRON_LV06,WPN_IRON,6,1.9,0.8,1.45,1,0.05,优先强化 行为,Y,Speed,LOC_WPN_IRON_06,WeaponLv,Release
WPN_IRON_LV07,WPN_IRON,7,2.08,0.76,1.54,2,0.06,优先强化 伤害,N,Damage,LOC_WPN_IRON_07,WeaponLv,Release
WPN_IRON_LV08,WPN_IRON,8,2.26,0.72,1.63,2,0.07,优先强化 伤害,N,AOE,LOC_WPN_IRON_08,WeaponLv,Release
WPN_IRON_LV09,WPN_IRON,9,2.44,0.68,1.72,2,0.08,优先强化 行为,Y,Damage,LOC_WPN_IRON_09,WeaponLv,Release
WPN_IRON_LV10,WPN_IRON,10,2.62,0.64,1.81,3,0.09,优先强化 伤害,N,Speed,LOC_WPN_IRON_10,WeaponLv,Release
WPN_IRON_LV11,WPN_IRON,11,2.8,0.6,1.9,3,0.1,优先强化 伤害,N,Damage,LOC_WPN_IRON_11,WeaponLv,Release
WPN_IRON_LV12,WPN_IRON,12,2.98,0.56,1.99,3,0.11,优先强化 行为,Y,AOE,LOC_WPN_IRON_12,WeaponLv,Release
WPN_THUNDER_LV01,WPN_THUNDER,1,1,1,1,0,0,优先强化 伤害,N,Damage,LOC_WPN_THUNDER_01,WeaponLv,Release
WPN_THUNDER_LV02,WPN_THUNDER,2,1.18,0.96,1.09,0,0.01,优先强化 伤害,N,Speed,LOC_WPN_THUNDER_02,WeaponLv,Release
WPN_THUNDER_LV03,WPN_THUNDER,3,1.36,0.92,1.18,0,0.02,优先强化 行为,Y,Damage,LOC_WPN_THUNDER_03,WeaponLv,Release
WPN_THUNDER_LV04,WPN_THUNDER,4,1.54,0.88,1.27,1,0.03,优先强化 伤害,N,AOE,LOC_WPN_THUNDER_04,WeaponLv,Release
WPN_THUNDER_LV05,WPN_THUNDER,5,1.72,0.84,1.36,1,0.04,优先强化 伤害,N,Damage,LOC_WPN_THUNDER_05,WeaponLv,Release
WPN_THUNDER_LV06,WPN_THUNDER,6,1.9,0.8,1.45,1,0.05,优先强化 行为,Y,Speed,LOC_WPN_THUNDER_06,WeaponLv,Release
WPN_THUNDER_LV07,WPN_THUNDER,7,2.08,0.76,1.54,2,0.06,优先强化 伤害,N,Damage,LOC_WPN_THUNDER_07,WeaponLv,Release
WPN_THUNDER_LV08,WPN_THUNDER,8,2.26,0.72,1.63,2,0.07,优先强化 伤害,N,AOE,LOC_WPN_THUNDER_08,WeaponLv,Release
WPN_THUNDER_LV09,WPN_THUNDER,9,2.44,0.68,1.72,2,0.08,优先强化 行为,Y,Damage,LOC_WPN_THUNDER_09,WeaponLv,Release
WPN_THUNDER_LV10,WPN_THUNDER,10,2.62,0.64,1.81,3,0.09,优先强化 伤害,N,Speed,LOC_WPN_THUNDER_10,WeaponLv,Release
WPN_THUNDER_LV11,WPN_THUNDER,11,2.8,0.6,1.9,3,0.1,优先强化 伤害,N,Damage,LOC_WPN_THUNDER_11,WeaponLv,Release
WPN_THUNDER_LV12,WPN_THUNDER,12,2.98,0.56,1.99,3,0.11,优先强化 行为,Y,AOE,LOC_WPN_THUNDER_12,WeaponLv,Release
WPN_SWEEP_LV01,WPN_SWEEP,1,1,1,1,0,0,优先强化 伤害,N,Damage,LOC_WPN_SWEEP_01,WeaponLv,Release
WPN_SWEEP_LV02,WPN_SWEEP,2,1.18,0.96,1.09,0,0.01,优先强化 伤害,N,Speed,LOC_WPN_SWEEP_02,WeaponLv,Release
WPN_SWEEP_LV03,WPN_SWEEP,3,1.36,0.92,1.18,0,0.02,优先强化 行为,Y,Damage,LOC_WPN_SWEEP_03,WeaponLv,Release
WPN_SWEEP_LV04,WPN_SWEEP,4,1.54,0.88,1.27,1,0.03,优先强化 伤害,N,AOE,LOC_WPN_SWEEP_04,WeaponLv,Release
WPN_SWEEP_LV05,WPN_SWEEP,5,1.72,0.84,1.36,1,0.04,优先强化 伤害,N,Damage,LOC_WPN_SWEEP_05,WeaponLv,Release
WPN_SWEEP_LV06,WPN_SWEEP,6,1.9,0.8,1.45,1,0.05,优先强化 行为,Y,Speed,LOC_WPN_SWEEP_06,WeaponLv,Release
WPN_SWEEP_LV07,WPN_SWEEP,7,2.08,0.76,1.54,2,0.06,优先强化 伤害,N,Damage,LOC_WPN_SWEEP_07,WeaponLv,Release
WPN_SWEEP_LV08,WPN_SWEEP,8,2.26,0.72,1.63,2,0.07,优先强化 伤害,N,AOE,LOC_WPN_SWEEP_08,WeaponLv,Release
WPN_SWEEP_LV09,WPN_SWEEP,9,2.44,0.68,1.72,2,0.08,优先强化 行为,Y,Damage,LOC_WPN_SWEEP_09,WeaponLv,Release
WPN_SWEEP_LV10,WPN_SWEEP,10,2.62,0.64,1.81,3,0.09,优先强化 伤害,N,Speed,LOC_WPN_SWEEP_10,WeaponLv,Release
WPN_SWEEP_LV11,WPN_SWEEP,11,2.8,0.6,1.9,3,0.1,优先强化 伤害,N,Damage,LOC_WPN_SWEEP_11,WeaponLv,Release
WPN_SWEEP_LV12,WPN_SWEEP,12,2.98,0.56,1.99,3,0.11,优先强化 行为,Y,AOE,LOC_WPN_SWEEP_12,WeaponLv,Release
WPN_PRESS_LV01,WPN_PRESS,1,1,1,1,0,0,优先强化 伤害,N,Damage,LOC_WPN_PRESS_01,WeaponLv,Release
WPN_PRESS_LV02,WPN_PRESS,2,1.18,0.96,1.09,0,0.01,优先强化 伤害,N,Speed,LOC_WPN_PRESS_02,WeaponLv,Release
WPN_PRESS_LV03,WPN_PRESS,3,1.36,0.92,1.18,0,0.02,优先强化 行为,Y,Damage,LOC_WPN_PRESS_03,WeaponLv,Release
WPN_PRESS_LV04,WPN_PRESS,4,1.54,0.88,1.27,1,0.03,优先强化 伤害,N,AOE,LOC_WPN_PRESS_04,WeaponLv,Release
WPN_PRESS_LV05,WPN_PRESS,5,1.72,0.84,1.36,1,0.04,优先强化 伤害,N,Damage,LOC_WPN_PRESS_05,WeaponLv,Release
WPN_PRESS_LV06,WPN_PRESS,6,1.9,0.8,1.45,1,0.05,优先强化 行为,Y,Speed,LOC_WPN_PRESS_06,WeaponLv,Release
WPN_PRESS_LV07,WPN_PRESS,7,2.08,0.76,1.54,2,0.06,优先强化 伤害,N,Damage,LOC_WPN_PRESS_07,WeaponLv,Release
WPN_PRESS_LV08,WPN_PRESS,8,2.26,0.72,1.63,2,0.07,优先强化 伤害,N,AOE,LOC_WPN_PRESS_08,WeaponLv,Release
WPN_PRESS_LV09,WPN_PRESS,9,2.44,0.68,1.72,2,0.08,优先强化 行为,Y,Damage,LOC_WPN_PRESS_09,WeaponLv,Release
WPN_PRESS_LV10,WPN_PRESS,10,2.62,0.64,1.81,3,0.09,优先强化 伤害,N,Speed,LOC_WPN_PRESS_10,WeaponLv,Release
WPN_PRESS_LV11,WPN_PRESS,11,2.8,0.6,1.9,3,0.1,优先强化 伤害,N,Damage,LOC_WPN_PRESS_11,WeaponLv,Release
WPN_PRESS_LV12,WPN_PRESS,12,2.98,0.56,1.99,3,0.11,优先强化 行为,Y,AOE,LOC_WPN_PRESS_12,WeaponLv,Release
WPN_COIN_LV01,WPN_COIN,1,1,1,1,0,0,优先强化 伤害,N,Damage,LOC_WPN_COIN_01,WeaponLv,Release
WPN_COIN_LV02,WPN_COIN,2,1.18,0.96,1.09,0,0.01,优先强化 伤害,N,Speed,LOC_WPN_COIN_02,WeaponLv,Release
WPN_COIN_LV03,WPN_COIN,3,1.36,0.92,1.18,0,0.02,优先强化 行为,Y,Damage,LOC_WPN_COIN_03,WeaponLv,Release
WPN_COIN_LV04,WPN_COIN,4,1.54,0.88,1.27,1,0.03,优先强化 伤害,N,AOE,LOC_WPN_COIN_04,WeaponLv,Release
WPN_COIN_LV05,WPN_COIN,5,1.72,0.84,1.36,1,0.04,优先强化 伤害,N,Damage,LOC_WPN_COIN_05,WeaponLv,Release
WPN_COIN_LV06,WPN_COIN,6,1.9,0.8,1.45,1,0.05,优先强化 行为,Y,Speed,LOC_WPN_COIN_06,WeaponLv,Release
WPN_COIN_LV07,WPN_COIN,7,2.08,0.76,1.54,2,0.06,优先强化 伤害,N,Damage,LOC_WPN_COIN_07,WeaponLv,Release
WPN_COIN_LV08,WPN_COIN,8,2.26,0.72,1.63,2,0.07,优先强化 伤害,N,AOE,LOC_WPN_COIN_08,WeaponLv,Release
WPN_COIN_LV09,WPN_COIN,9,2.44,0.68,1.72,2,0.08,优先强化 行为,Y,Damage,LOC_WPN_COIN_09,WeaponLv,Release
WPN_COIN_LV10,WPN_COIN,10,2.62,0.64,1.81,3,0.09,优先强化 伤害,N,Speed,LOC_WPN_COIN_10,WeaponLv,Release
WPN_COIN_LV11,WPN_COIN,11,2.8,0.6,1.9,3,0.1,优先强化 伤害,N,Damage,LOC_WPN_COIN_11,WeaponLv,Release
WPN_COIN_LV12,WPN_COIN,12,2.98,0.56,1.99,3,0.11,优先强化 行为,Y,AOE,LOC_WPN_COIN_12,WeaponLv,Release
WPN_DRONE_CORE_LV01,WPN_DRONE_CORE,1,1,1,1,0,0,优先强化 伤害,N,Damage,LOC_WPN_DRONE_CORE_01,WeaponLv,Release
WPN_DRONE_CORE_LV02,WPN_DRONE_CORE,2,1.18,0.96,1.09,0,0.01,优先强化 伤害,N,Speed,LOC_WPN_DRONE_CORE_02,WeaponLv,Release
WPN_DRONE_CORE_LV03,WPN_DRONE_CORE,3,1.36,0.92,1.18,0,0.02,优先强化 行为,Y,Damage,LOC_WPN_DRONE_CORE_03,WeaponLv,Release
WPN_DRONE_CORE_LV04,WPN_DRONE_CORE,4,1.54,0.88,1.27,1,0.03,优先强化 伤害,N,AOE,LOC_WPN_DRONE_CORE_04,WeaponLv,Release
WPN_DRONE_CORE_LV05,WPN_DRONE_CORE,5,1.72,0.84,1.36,1,0.04,优先强化 伤害,N,Damage,LOC_WPN_DRONE_CORE_05,WeaponLv,Release
WPN_DRONE_CORE_LV06,WPN_DRONE_CORE,6,1.9,0.8,1.45,1,0.05,优先强化 行为,Y,Speed,LOC_WPN_DRONE_CORE_06,WeaponLv,Release
WPN_DRONE_CORE_LV07,WPN_DRONE_CORE,7,2.08,0.76,1.54,2,0.06,优先强化 伤害,N,Damage,LOC_WPN_DRONE_CORE_07,WeaponLv,Release
WPN_DRONE_CORE_LV08,WPN_DRONE_CORE,8,2.26,0.72,1.63,2,0.07,优先强化 伤害,N,AOE,LOC_WPN_DRONE_CORE_08,WeaponLv,Release
WPN_DRONE_CORE_LV09,WPN_DRONE_CORE,9,2.44,0.68,1.72,2,0.08,优先强化 行为,Y,Damage,LOC_WPN_DRONE_CORE_09,WeaponLv,Release
WPN_DRONE_CORE_LV10,WPN_DRONE_CORE,10,2.62,0.64,1.81,3,0.09,优先强化 伤害,N,Speed,LOC_WPN_DRONE_CORE_10,WeaponLv,Release
WPN_DRONE_CORE_LV11,WPN_DRONE_CORE,11,2.8,0.6,1.9,3,0.1,优先强化 伤害,N,Damage,LOC_WPN_DRONE_CORE_11,WeaponLv,Release
WPN_DRONE_CORE_LV12,WPN_DRONE_CORE,12,2.98,0.56,1.99,3,0.11,优先强化 行为,Y,AOE,LOC_WPN_DRONE_CORE_12,WeaponLv,Release
WPN_FLASK_LV01,WPN_FLASK,1,1,1,1,0,0,优先强化 伤害,N,Damage,LOC_WPN_FLASK_01,WeaponLv,Release
WPN_FLASK_LV02,WPN_FLASK,2,1.18,0.96,1.09,0,0.01,优先强化 伤害,N,Speed,LOC_WPN_FLASK_02,WeaponLv,Release
WPN_FLASK_LV03,WPN_FLASK,3,1.36,0.92,1.18,0,0.02,优先强化 行为,Y,Damage,LOC_WPN_FLASK_03,WeaponLv,Release
WPN_FLASK_LV04,WPN_FLASK,4,1.54,0.88,1.27,1,0.03,优先强化 伤害,N,AOE,LOC_WPN_FLASK_04,WeaponLv,Release
WPN_FLASK_LV05,WPN_FLASK,5,1.72,0.84,1.36,1,0.04,优先强化 伤害,N,Damage,LOC_WPN_FLASK_05,WeaponLv,Release
WPN_FLASK_LV06,WPN_FLASK,6,1.9,0.8,1.45,1,0.05,优先强化 行为,Y,Speed,LOC_WPN_FLASK_06,WeaponLv,Release
WPN_FLASK_LV07,WPN_FLASK,7,2.08,0.76,1.54,2,0.06,优先强化 伤害,N,Damage,LOC_WPN_FLASK_07,WeaponLv,Release
WPN_FLASK_LV08,WPN_FLASK,8,2.26,0.72,1.63,2,0.07,优先强化 伤害,N,AOE,LOC_WPN_FLASK_08,WeaponLv,Release
WPN_FLASK_LV09,WPN_FLASK,9,2.44,0.68,1.72,2,0.08,优先强化 行为,Y,Damage,LOC_WPN_FLASK_09,WeaponLv,Release
WPN_FLASK_LV10,WPN_FLASK,10,2.62,0.64,1.81,3,0.09,优先强化 伤害,N,Speed,LOC_WPN_FLASK_10,WeaponLv,Release
WPN_FLASK_LV11,WPN_FLASK,11,2.8,0.6,1.9,3,0.1,优先强化 伤害,N,Damage,LOC_WPN_FLASK_11,WeaponLv,Release
WPN_FLASK_LV12,WPN_FLASK,12,2.98,0.56,1.99,3,0.11,优先强化 行为,Y,AOE,LOC_WPN_FLASK_12,WeaponLv,Release
WPN_DICE_LV01,WPN_DICE,1,1,1,1,0,0,优先强化 伤害,N,Damage,LOC_WPN_DICE_01,WeaponLv,Release
WPN_DICE_LV02,WPN_DICE,2,1.18,0.96,1.09,0,0.01,优先强化 伤害,N,Speed,LOC_WPN_DICE_02,WeaponLv,Release
WPN_DICE_LV03,WPN_DICE,3,1.36,0.92,1.18,0,0.02,优先强化 行为,Y,Damage,LOC_WPN_DICE_03,WeaponLv,Release
WPN_DICE_LV04,WPN_DICE,4,1.54,0.88,1.27,1,0.03,优先强化 伤害,N,AOE,LOC_WPN_DICE_04,WeaponLv,Release
WPN_DICE_LV05,WPN_DICE,5,1.72,0.84,1.36,1,0.04,优先强化 伤害,N,Damage,LOC_WPN_DICE_05,WeaponLv,Release
WPN_DICE_LV06,WPN_DICE,6,1.9,0.8,1.45,1,0.05,优先强化 行为,Y,Speed,LOC_WPN_DICE_06,WeaponLv,Release
WPN_DICE_LV07,WPN_DICE,7,2.08,0.76,1.54,2,0.06,优先强化 伤害,N,Damage,LOC_WPN_DICE_07,WeaponLv,Release
WPN_DICE_LV08,WPN_DICE,8,2.26,0.72,1.63,2,0.07,优先强化 伤害,N,AOE,LOC_WPN_DICE_08,WeaponLv,Release
WPN_DICE_LV09,WPN_DICE,9,2.44,0.68,1.72,2,0.08,优先强化 行为,Y,Damage,LOC_WPN_DICE_09,WeaponLv,Release
WPN_DICE_LV10,WPN_DICE,10,2.62,0.64,1.81,3,0.09,优先强化 伤害,N,Speed,LOC_WPN_DICE_10,WeaponLv,Release
WPN_DICE_LV11,WPN_DICE,11,2.8,0.6,1.9,3,0.1,优先强化 伤害,N,Damage,LOC_WPN_DICE_11,WeaponLv,Release
WPN_DICE_LV12,WPN_DICE,12,2.98,0.56,1.99,3,0.11,优先强化 行为,Y,AOE,LOC_WPN_DICE_12,WeaponLv,Release
WPN_SHIELD_LV01,WPN_SHIELD,1,1,1,1,0,0,优先强化 伤害,N,Damage,LOC_WPN_SHIELD_01,WeaponLv,Release
WPN_SHIELD_LV02,WPN_SHIELD,2,1.18,0.96,1.09,0,0.01,优先强化 伤害,N,Speed,LOC_WPN_SHIELD_02,WeaponLv,Release
WPN_SHIELD_LV03,WPN_SHIELD,3,1.36,0.92,1.18,0,0.02,优先强化 行为,Y,Damage,LOC_WPN_SHIELD_03,WeaponLv,Release
WPN_SHIELD_LV04,WPN_SHIELD,4,1.54,0.88,1.27,1,0.03,优先强化 伤害,N,AOE,LOC_WPN_SHIELD_04,WeaponLv,Release
WPN_SHIELD_LV05,WPN_SHIELD,5,1.72,0.84,1.36,1,0.04,优先强化 伤害,N,Damage,LOC_WPN_SHIELD_05,WeaponLv,Release
WPN_SHIELD_LV06,WPN_SHIELD,6,1.9,0.8,1.45,1,0.05,优先强化 行为,Y,Speed,LOC_WPN_SHIELD_06,WeaponLv,Release
WPN_SHIELD_LV07,WPN_SHIELD,7,2.08,0.76,1.54,2,0.06,优先强化 伤害,N,Damage,LOC_WPN_SHIELD_07,WeaponLv,Release
WPN_SHIELD_LV08,WPN_SHIELD,8,2.26,0.72,1.63,2,0.07,优先强化 伤害,N,AOE,LOC_WPN_SHIELD_08,WeaponLv,Release
WPN_SHIELD_LV09,WPN_SHIELD,9,2.44,0.68,1.72,2,0.08,优先强化 行为,Y,Damage,LOC_WPN_SHIELD_09,WeaponLv,Release
WPN_SHIELD_LV10,WPN_SHIELD,10,2.62,0.64,1.81,3,0.09,优先强化 伤害,N,Speed,LOC_WPN_SHIELD_10,WeaponLv,Release
WPN_SHIELD_LV11,WPN_SHIELD,11,2.8,0.6,1.9,3,0.1,优先强化 伤害,N,Damage,LOC_WPN_SHIELD_11,WeaponLv,Release
WPN_SHIELD_LV12,WPN_SHIELD,12,2.98,0.56,1.99,3,0.11,优先强化 行为,Y,AOE,LOC_WPN_SHIELD_12,WeaponLv,Release
WPN_PILE_LV01,WPN_PILE,1,1,1,1,0,0,优先强化 伤害,N,Damage,LOC_WPN_PILE_01,WeaponLv,Release
WPN_PILE_LV02,WPN_PILE,2,1.18,0.96,1.09,0,0.01,优先强化 伤害,N,Speed,LOC_WPN_PILE_02,WeaponLv,Release
WPN_PILE_LV03,WPN_PILE,3,1.36,0.92,1.18,0,0.02,优先强化 行为,Y,Damage,LOC_WPN_PILE_03,WeaponLv,Release
WPN_PILE_LV04,WPN_PILE,4,1.54,0.88,1.27,1,0.03,优先强化 伤害,N,AOE,LOC_WPN_PILE_04,WeaponLv,Release
WPN_PILE_LV05,WPN_PILE,5,1.72,0.84,1.36,1,0.04,优先强化 伤害,N,Damage,LOC_WPN_PILE_05,WeaponLv,Release
WPN_PILE_LV06,WPN_PILE,6,1.9,0.8,1.45,1,0.05,优先强化 行为,Y,Speed,LOC_WPN_PILE_06,WeaponLv,Release
WPN_PILE_LV07,WPN_PILE,7,2.08,0.76,1.54,2,0.06,优先强化 伤害,N,Damage,LOC_WPN_PILE_07,WeaponLv,Release
WPN_PILE_LV08,WPN_PILE,8,2.26,0.72,1.63,2,0.07,优先强化 伤害,N,AOE,LOC_WPN_PILE_08,WeaponLv,Release
WPN_PILE_LV09,WPN_PILE,9,2.44,0.68,1.72,2,0.08,优先强化 行为,Y,Damage,LOC_WPN_PILE_09,WeaponLv,Release
WPN_PILE_LV10,WPN_PILE,10,2.62,0.64,1.81,3,0.09,优先强化 伤害,N,Speed,LOC_WPN_PILE_10,WeaponLv,Release
WPN_PILE_LV11,WPN_PILE,11,2.8,0.6,1.9,3,0.1,优先强化 伤害,N,Damage,LOC_WPN_PILE_11,WeaponLv,Release
WPN_PILE_LV12,WPN_PILE,12,2.98,0.56,1.99,3,0.11,优先强化 行为,Y,AOE,LOC_WPN_PILE_12,WeaponLv,Release
WPN_MAGNET_LV01,WPN_MAGNET,1,1,1,1,0,0,优先强化 伤害,N,Damage,LOC_WPN_MAGNET_01,WeaponLv,Release
WPN_MAGNET_LV02,WPN_MAGNET,2,1.18,0.96,1.09,0,0.01,优先强化 伤害,N,Speed,LOC_WPN_MAGNET_02,WeaponLv,Release
WPN_MAGNET_LV03,WPN_MAGNET,3,1.36,0.92,1.18,0,0.02,优先强化 行为,Y,Damage,LOC_WPN_MAGNET_03,WeaponLv,Release
WPN_MAGNET_LV04,WPN_MAGNET,4,1.54,0.88,1.27,1,0.03,优先强化 伤害,N,AOE,LOC_WPN_MAGNET_04,WeaponLv,Release
WPN_MAGNET_LV05,WPN_MAGNET,5,1.72,0.84,1.36,1,0.04,优先强化 伤害,N,Damage,LOC_WPN_MAGNET_05,WeaponLv,Release
WPN_MAGNET_LV06,WPN_MAGNET,6,1.9,0.8,1.45,1,0.05,优先强化 行为,Y,Speed,LOC_WPN_MAGNET_06,WeaponLv,Release
WPN_MAGNET_LV07,WPN_MAGNET,7,2.08,0.76,1.54,2,0.06,优先强化 伤害,N,Damage,LOC_WPN_MAGNET_07,WeaponLv,Release
WPN_MAGNET_LV08,WPN_MAGNET,8,2.26,0.72,1.63,2,0.07,优先强化 伤害,N,AOE,LOC_WPN_MAGNET_08,WeaponLv,Release
WPN_MAGNET_LV09,WPN_MAGNET,9,2.44,0.68,1.72,2,0.08,优先强化 行为,Y,Damage,LOC_WPN_MAGNET_09,WeaponLv,Release
WPN_MAGNET_LV10,WPN_MAGNET,10,2.62,0.64,1.81,3,0.09,优先强化 伤害,N,Speed,LOC_WPN_MAGNET_10,WeaponLv,Release
WPN_MAGNET_LV11,WPN_MAGNET,11,2.8,0.6,1.9,3,0.1,优先强化 伤害,N,Damage,LOC_WPN_MAGNET_11,WeaponLv,Release
WPN_MAGNET_LV12,WPN_MAGNET,12,2.98,0.56,1.99,3,0.11,优先强化 行为,Y,AOE,LOC_WPN_MAGNET_12,WeaponLv,Release
WPN_SAW_LV01,WPN_SAW,1,1,1,1,0,0,优先强化 伤害,N,Damage,LOC_WPN_SAW_01,WeaponLv,Release
WPN_SAW_LV02,WPN_SAW,2,1.18,0.96,1.09,0,0.01,优先强化 伤害,N,Speed,LOC_WPN_SAW_02,WeaponLv,Release
WPN_SAW_LV03,WPN_SAW,3,1.36,0.92,1.18,0,0.02,优先强化 行为,Y,Damage,LOC_WPN_SAW_03,WeaponLv,Release
WPN_SAW_LV04,WPN_SAW,4,1.54,0.88,1.27,1,0.03,优先强化 伤害,N,AOE,LOC_WPN_SAW_04,WeaponLv,Release
WPN_SAW_LV05,WPN_SAW,5,1.72,0.84,1.36,1,0.04,优先强化 伤害,N,Damage,LOC_WPN_SAW_05,WeaponLv,Release
WPN_SAW_LV06,WPN_SAW,6,1.9,0.8,1.45,1,0.05,优先强化 行为,Y,Speed,LOC_WPN_SAW_06,WeaponLv,Release
WPN_SAW_LV07,WPN_SAW,7,2.08,0.76,1.54,2,0.06,优先强化 伤害,N,Damage,LOC_WPN_SAW_07,WeaponLv,Release
WPN_SAW_LV08,WPN_SAW,8,2.26,0.72,1.63,2,0.07,优先强化 伤害,N,AOE,LOC_WPN_SAW_08,WeaponLv,Release
WPN_SAW_LV09,WPN_SAW,9,2.44,0.68,1.72,2,0.08,优先强化 行为,Y,Damage,LOC_WPN_SAW_09,WeaponLv,Release
WPN_SAW_LV10,WPN_SAW,10,2.62,0.64,1.81,3,0.09,优先强化 伤害,N,Speed,LOC_WPN_SAW_10,WeaponLv,Release
WPN_SAW_LV11,WPN_SAW,11,2.8,0.6,1.9,3,0.1,优先强化 伤害,N,Damage,LOC_WPN_SAW_11,WeaponLv,Release
WPN_SAW_LV12,WPN_SAW,12,2.98,0.56,1.99,3,0.11,优先强化 行为,Y,AOE,LOC_WPN_SAW_12,WeaponLv,Release
WPN_MORTAR_LV01,WPN_MORTAR,1,1,1,1,0,0,优先强化 伤害,N,Damage,LOC_WPN_MORTAR_01,WeaponLv,Release
WPN_MORTAR_LV02,WPN_MORTAR,2,1.18,0.96,1.09,0,0.01,优先强化 伤害,N,Speed,LOC_WPN_MORTAR_02,WeaponLv,Release
WPN_MORTAR_LV03,WPN_MORTAR,3,1.36,0.92,1.18,0,0.02,优先强化 行为,Y,Damage,LOC_WPN_MORTAR_03,WeaponLv,Release
WPN_MORTAR_LV04,WPN_MORTAR,4,1.54,0.88,1.27,1,0.03,优先强化 伤害,N,AOE,LOC_WPN_MORTAR_04,WeaponLv,Release
WPN_MORTAR_LV05,WPN_MORTAR,5,1.72,0.84,1.36,1,0.04,优先强化 伤害,N,Damage,LOC_WPN_MORTAR_05,WeaponLv,Release
WPN_MORTAR_LV06,WPN_MORTAR,6,1.9,0.8,1.45,1,0.05,优先强化 行为,Y,Speed,LOC_WPN_MORTAR_06,WeaponLv,Release
WPN_MORTAR_LV07,WPN_MORTAR,7,2.08,0.76,1.54,2,0.06,优先强化 伤害,N,Damage,LOC_WPN_MORTAR_07,WeaponLv,Release
WPN_MORTAR_LV08,WPN_MORTAR,8,2.26,0.72,1.63,2,0.07,优先强化 伤害,N,AOE,LOC_WPN_MORTAR_08,WeaponLv,Release
WPN_MORTAR_LV09,WPN_MORTAR,9,2.44,0.68,1.72,2,0.08,优先强化 行为,Y,Damage,LOC_WPN_MORTAR_09,WeaponLv,Release
WPN_MORTAR_LV10,WPN_MORTAR,10,2.62,0.64,1.81,3,0.09,优先强化 伤害,N,Speed,LOC_WPN_MORTAR_10,WeaponLv,Release
WPN_MORTAR_LV11,WPN_MORTAR,11,2.8,0.6,1.9,3,0.1,优先强化 伤害,N,Damage,LOC_WPN_MORTAR_11,WeaponLv,Release
WPN_MORTAR_LV12,WPN_MORTAR,12,2.98,0.56,1.99,3,0.11,优先强化 行为,Y,AOE,LOC_WPN_MORTAR_12,WeaponLv,Release
WPN_TESLA_LV01,WPN_TESLA,1,1,1,1,0,0,优先强化 伤害,N,Damage,LOC_WPN_TESLA_01,WeaponLv,Release
WPN_TESLA_LV02,WPN_TESLA,2,1.18,0.96,1.09,0,0.01,优先强化 伤害,N,Speed,LOC_WPN_TESLA_02,WeaponLv,Release
WPN_TESLA_LV03,WPN_TESLA,3,1.36,0.92,1.18,0,0.02,优先强化 行为,Y,Damage,LOC_WPN_TESLA_03,WeaponLv,Release
WPN_TESLA_LV04,WPN_TESLA,4,1.54,0.88,1.27,1,0.03,优先强化 伤害,N,AOE,LOC_WPN_TESLA_04,WeaponLv,Release
WPN_TESLA_LV05,WPN_TESLA,5,1.72,0.84,1.36,1,0.04,优先强化 伤害,N,Damage,LOC_WPN_TESLA_05,WeaponLv,Release
WPN_TESLA_LV06,WPN_TESLA,6,1.9,0.8,1.45,1,0.05,优先强化 行为,Y,Speed,LOC_WPN_TESLA_06,WeaponLv,Release
WPN_TESLA_LV07,WPN_TESLA,7,2.08,0.76,1.54,2,0.06,优先强化 伤害,N,Damage,LOC_WPN_TESLA_07,WeaponLv,Release
WPN_TESLA_LV08,WPN_TESLA,8,2.26,0.72,1.63,2,0.07,优先强化 伤害,N,AOE,LOC_WPN_TESLA_08,WeaponLv,Release
WPN_TESLA_LV09,WPN_TESLA,9,2.44,0.68,1.72,2,0.08,优先强化 行为,Y,Damage,LOC_WPN_TESLA_09,WeaponLv,Release
WPN_TESLA_LV10,WPN_TESLA,10,2.62,0.64,1.81,3,0.09,优先强化 伤害,N,Speed,LOC_WPN_TESLA_10,WeaponLv,Release
WPN_TESLA_LV11,WPN_TESLA,11,2.8,0.6,1.9,3,0.1,优先强化 伤害,N,Damage,LOC_WPN_TESLA_11,WeaponLv,Release
WPN_TESLA_LV12,WPN_TESLA,12,2.98,0.56,1.99,3,0.11,优先强化 行为,Y,AOE,LOC_WPN_TESLA_12,WeaponLv,Release
WPN_FLAME_LV01,WPN_FLAME,1,1,1,1,0,0,优先强化 伤害,N,Damage,LOC_WPN_FLAME_01,WeaponLv,Release
WPN_FLAME_LV02,WPN_FLAME,2,1.18,0.96,1.09,0,0.01,优先强化 伤害,N,Speed,LOC_WPN_FLAME_02,WeaponLv,Release
WPN_FLAME_LV03,WPN_FLAME,3,1.36,0.92,1.18,0,0.02,优先强化 行为,Y,Damage,LOC_WPN_FLAME_03,WeaponLv,Release
WPN_FLAME_LV04,WPN_FLAME,4,1.54,0.88,1.27,1,0.03,优先强化 伤害,N,AOE,LOC_WPN_FLAME_04,WeaponLv,Release
WPN_FLAME_LV05,WPN_FLAME,5,1.72,0.84,1.36,1,0.04,优先强化 伤害,N,Damage,LOC_WPN_FLAME_05,WeaponLv,Release
WPN_FLAME_LV06,WPN_FLAME,6,1.9,0.8,1.45,1,0.05,优先强化 行为,Y,Speed,LOC_WPN_FLAME_06,WeaponLv,Release
WPN_FLAME_LV07,WPN_FLAME,7,2.08,0.76,1.54,2,0.06,优先强化 伤害,N,Damage,LOC_WPN_FLAME_07,WeaponLv,Release
WPN_FLAME_LV08,WPN_FLAME,8,2.26,0.72,1.63,2,0.07,优先强化 伤害,N,AOE,LOC_WPN_FLAME_08,WeaponLv,Release
WPN_FLAME_LV09,WPN_FLAME,9,2.44,0.68,1.72,2,0.08,优先强化 行为,Y,Damage,LOC_WPN_FLAME_09,WeaponLv,Release
WPN_FLAME_LV10,WPN_FLAME,10,2.62,0.64,1.81,3,0.09,优先强化 伤害,N,Speed,LOC_WPN_FLAME_10,WeaponLv,Release
WPN_FLAME_LV11,WPN_FLAME,11,2.8,0.6,1.9,3,0.1,优先强化 伤害,N,Damage,LOC_WPN_FLAME_11,WeaponLv,Release
WPN_FLAME_LV12,WPN_FLAME,12,2.98,0.56,1.99,3,0.11,优先强化 行为,Y,AOE,LOC_WPN_FLAME_12,WeaponLv,Release
WPN_FROST_LV01,WPN_FROST,1,1,1,1,0,0,优先强化 伤害,N,Damage,LOC_WPN_FROST_01,WeaponLv,Release
WPN_FROST_LV02,WPN_FROST,2,1.18,0.96,1.09,0,0.01,优先强化 伤害,N,Speed,LOC_WPN_FROST_02,WeaponLv,Release
WPN_FROST_LV03,WPN_FROST,3,1.36,0.92,1.18,0,0.02,优先强化 行为,Y,Damage,LOC_WPN_FROST_03,WeaponLv,Release
WPN_FROST_LV04,WPN_FROST,4,1.54,0.88,1.27,1,0.03,优先强化 伤害,N,AOE,LOC_WPN_FROST_04,WeaponLv,Release
WPN_FROST_LV05,WPN_FROST,5,1.72,0.84,1.36,1,0.04,优先强化 伤害,N,Damage,LOC_WPN_FROST_05,WeaponLv,Release
WPN_FROST_LV06,WPN_FROST,6,1.9,0.8,1.45,1,0.05,优先强化 行为,Y,Speed,LOC_WPN_FROST_06,WeaponLv,Release
WPN_FROST_LV07,WPN_FROST,7,2.08,0.76,1.54,2,0.06,优先强化 伤害,N,Damage,LOC_WPN_FROST_07,WeaponLv,Release
WPN_FROST_LV08,WPN_FROST,8,2.26,0.72,1.63,2,0.07,优先强化 伤害,N,AOE,LOC_WPN_FROST_08,WeaponLv,Release
WPN_FROST_LV09,WPN_FROST,9,2.44,0.68,1.72,2,0.08,优先强化 行为,Y,Damage,LOC_WPN_FROST_09,WeaponLv,Release
WPN_FROST_LV10,WPN_FROST,10,2.62,0.64,1.81,3,0.09,优先强化 伤害,N,Speed,LOC_WPN_FROST_10,WeaponLv,Release
WPN_FROST_LV11,WPN_FROST,11,2.8,0.6,1.9,3,0.1,优先强化 伤害,N,Damage,LOC_WPN_FROST_11,WeaponLv,Release
WPN_FROST_LV12,WPN_FROST,12,2.98,0.56,1.99,3,0.11,优先强化 行为,Y,AOE,LOC_WPN_FROST_12,WeaponLv,Release
WPN_GAUNTLET_LV01,WPN_GAUNTLET,1,1,1,1,0,0,优先强化 伤害,N,Damage,LOC_WPN_GAUNTLET_01,WeaponLv,Release
WPN_GAUNTLET_LV02,WPN_GAUNTLET,2,1.18,0.96,1.09,0,0.01,优先强化 伤害,N,Speed,LOC_WPN_GAUNTLET_02,WeaponLv,Release
WPN_GAUNTLET_LV03,WPN_GAUNTLET,3,1.36,0.92,1.18,0,0.02,优先强化 行为,Y,Damage,LOC_WPN_GAUNTLET_03,WeaponLv,Release
WPN_GAUNTLET_LV04,WPN_GAUNTLET,4,1.54,0.88,1.27,1,0.03,优先强化 伤害,N,AOE,LOC_WPN_GAUNTLET_04,WeaponLv,Release
WPN_GAUNTLET_LV05,WPN_GAUNTLET,5,1.72,0.84,1.36,1,0.04,优先强化 伤害,N,Damage,LOC_WPN_GAUNTLET_05,WeaponLv,Release
WPN_GAUNTLET_LV06,WPN_GAUNTLET,6,1.9,0.8,1.45,1,0.05,优先强化 行为,Y,Speed,LOC_WPN_GAUNTLET_06,WeaponLv,Release
WPN_GAUNTLET_LV07,WPN_GAUNTLET,7,2.08,0.76,1.54,2,0.06,优先强化 伤害,N,Damage,LOC_WPN_GAUNTLET_07,WeaponLv,Release
WPN_GAUNTLET_LV08,WPN_GAUNTLET,8,2.26,0.72,1.63,2,0.07,优先强化 伤害,N,AOE,LOC_WPN_GAUNTLET_08,WeaponLv,Release
WPN_GAUNTLET_LV09,WPN_GAUNTLET,9,2.44,0.68,1.72,2,0.08,优先强化 行为,Y,Damage,LOC_WPN_GAUNTLET_09,WeaponLv,Release
WPN_GAUNTLET_LV10,WPN_GAUNTLET,10,2.62,0.64,1.81,3,0.09,优先强化 伤害,N,Speed,LOC_WPN_GAUNTLET_10,WeaponLv,Release
WPN_GAUNTLET_LV11,WPN_GAUNTLET,11,2.8,0.6,1.9,3,0.1,优先强化 伤害,N,Damage,LOC_WPN_GAUNTLET_11,WeaponLv,Release
WPN_GAUNTLET_LV12,WPN_GAUNTLET,12,2.98,0.56,1.99,3,0.11,优先强化 行为,Y,AOE,LOC_WPN_GAUNTLET_12,WeaponLv,Release
WPN_PRISM_LV01,WPN_PRISM,1,1,1,1,0,0,优先强化 伤害,N,Damage,LOC_WPN_PRISM_01,WeaponLv,Release
WPN_PRISM_LV02,WPN_PRISM,2,1.18,0.96,1.09,0,0.01,优先强化 伤害,N,Speed,LOC_WPN_PRISM_02,WeaponLv,Release
WPN_PRISM_LV03,WPN_PRISM,3,1.36,0.92,1.18,0,0.02,优先强化 行为,Y,Damage,LOC_WPN_PRISM_03,WeaponLv,Release
WPN_PRISM_LV04,WPN_PRISM,4,1.54,0.88,1.27,1,0.03,优先强化 伤害,N,AOE,LOC_WPN_PRISM_04,WeaponLv,Release
WPN_PRISM_LV05,WPN_PRISM,5,1.72,0.84,1.36,1,0.04,优先强化 伤害,N,Damage,LOC_WPN_PRISM_05,WeaponLv,Release
WPN_PRISM_LV06,WPN_PRISM,6,1.9,0.8,1.45,1,0.05,优先强化 行为,Y,Speed,LOC_WPN_PRISM_06,WeaponLv,Release
WPN_PRISM_LV07,WPN_PRISM,7,2.08,0.76,1.54,2,0.06,优先强化 伤害,N,Damage,LOC_WPN_PRISM_07,WeaponLv,Release
WPN_PRISM_LV08,WPN_PRISM,8,2.26,0.72,1.63,2,0.07,优先强化 伤害,N,AOE,LOC_WPN_PRISM_08,WeaponLv,Release
WPN_PRISM_LV09,WPN_PRISM,9,2.44,0.68,1.72,2,0.08,优先强化 行为,Y,Damage,LOC_WPN_PRISM_09,WeaponLv,Release
WPN_PRISM_LV10,WPN_PRISM,10,2.62,0.64,1.81,3,0.09,优先强化 伤害,N,Speed,LOC_WPN_PRISM_10,WeaponLv,Release
WPN_PRISM_LV11,WPN_PRISM,11,2.8,0.6,1.9,3,0.1,优先强化 伤害,N,Damage,LOC_WPN_PRISM_11,WeaponLv,Release
WPN_PRISM_LV12,WPN_PRISM,12,2.98,0.56,1.99,3,0.11,优先强化 行为,Y,AOE,LOC_WPN_PRISM_12,WeaponLv,Release
WPN_BOMBARD_LV01,WPN_BOMBARD,1,1,1,1,0,0,优先强化 伤害,N,Damage,LOC_WPN_BOMBARD_01,WeaponLv,Release
WPN_BOMBARD_LV02,WPN_BOMBARD,2,1.18,0.96,1.09,0,0.01,优先强化 伤害,N,Speed,LOC_WPN_BOMBARD_02,WeaponLv,Release
WPN_BOMBARD_LV03,WPN_BOMBARD,3,1.36,0.92,1.18,0,0.02,优先强化 行为,Y,Damage,LOC_WPN_BOMBARD_03,WeaponLv,Release
WPN_BOMBARD_LV04,WPN_BOMBARD,4,1.54,0.88,1.27,1,0.03,优先强化 伤害,N,AOE,LOC_WPN_BOMBARD_04,WeaponLv,Release
WPN_BOMBARD_LV05,WPN_BOMBARD,5,1.72,0.84,1.36,1,0.04,优先强化 伤害,N,Damage,LOC_WPN_BOMBARD_05,WeaponLv,Release
WPN_BOMBARD_LV06,WPN_BOMBARD,6,1.9,0.8,1.45,1,0.05,优先强化 行为,Y,Speed,LOC_WPN_BOMBARD_06,WeaponLv,Release
WPN_BOMBARD_LV07,WPN_BOMBARD,7,2.08,0.76,1.54,2,0.06,优先强化 伤害,N,Damage,LOC_WPN_BOMBARD_07,WeaponLv,Release
WPN_BOMBARD_LV08,WPN_BOMBARD,8,2.26,0.72,1.63,2,0.07,优先强化 伤害,N,AOE,LOC_WPN_BOMBARD_08,WeaponLv,Release
WPN_BOMBARD_LV09,WPN_BOMBARD,9,2.44,0.68,1.72,2,0.08,优先强化 行为,Y,Damage,LOC_WPN_BOMBARD_09,WeaponLv,Release
WPN_BOMBARD_LV10,WPN_BOMBARD,10,2.62,0.64,1.81,3,0.09,优先强化 伤害,N,Speed,LOC_WPN_BOMBARD_10,WeaponLv,Release
WPN_BOMBARD_LV11,WPN_BOMBARD,11,2.8,0.6,1.9,3,0.1,优先强化 伤害,N,Damage,LOC_WPN_BOMBARD_11,WeaponLv,Release
WPN_BOMBARD_LV12,WPN_BOMBARD,12,2.98,0.56,1.99,3,0.11,优先强化 行为,Y,AOE,LOC_WPN_BOMBARD_12,WeaponLv,Release
WPN_FAC_01_LV01,WPN_FAC_01,1,1,1,1,0,0,优先强化 伤害,N,Damage,LOC_WPN_FAC_01_01,WeaponLv,Release
WPN_FAC_01_LV02,WPN_FAC_01,2,1.18,0.96,1.09,0,0.01,优先强化 伤害,N,Speed,LOC_WPN_FAC_01_02,WeaponLv,Release
WPN_FAC_01_LV03,WPN_FAC_01,3,1.36,0.92,1.18,0,0.02,优先强化 行为,Y,Damage,LOC_WPN_FAC_01_03,WeaponLv,Release
WPN_FAC_01_LV04,WPN_FAC_01,4,1.54,0.88,1.27,1,0.03,优先强化 伤害,N,AOE,LOC_WPN_FAC_01_04,WeaponLv,Release
WPN_FAC_01_LV05,WPN_FAC_01,5,1.72,0.84,1.36,1,0.04,优先强化 伤害,N,Damage,LOC_WPN_FAC_01_05,WeaponLv,Release
WPN_FAC_01_LV06,WPN_FAC_01,6,1.9,0.8,1.45,1,0.05,优先强化 行为,Y,Speed,LOC_WPN_FAC_01_06,WeaponLv,Release
WPN_FAC_01_LV07,WPN_FAC_01,7,2.08,0.76,1.54,2,0.06,优先强化 伤害,N,Damage,LOC_WPN_FAC_01_07,WeaponLv,Release
WPN_FAC_01_LV08,WPN_FAC_01,8,2.26,0.72,1.63,2,0.07,优先强化 伤害,N,AOE,LOC_WPN_FAC_01_08,WeaponLv,Release
WPN_FAC_01_LV09,WPN_FAC_01,9,2.44,0.68,1.72,2,0.08,优先强化 行为,Y,Damage,LOC_WPN_FAC_01_09,WeaponLv,Release
WPN_FAC_01_LV10,WPN_FAC_01,10,2.62,0.64,1.81,3,0.09,优先强化 伤害,N,Speed,LOC_WPN_FAC_01_10,WeaponLv,Release
WPN_FAC_01_LV11,WPN_FAC_01,11,2.8,0.6,1.9,3,0.1,优先强化 伤害,N,Damage,LOC_WPN_FAC_01_11,WeaponLv,Release
WPN_FAC_01_LV12,WPN_FAC_01,12,2.98,0.56,1.99,3,0.11,优先强化 行为,Y,AOE,LOC_WPN_FAC_01_12,WeaponLv,Release
WPN_FAC_02_LV01,WPN_FAC_02,1,1,1,1,0,0,优先强化 伤害,N,Damage,LOC_WPN_FAC_02_01,WeaponLv,Release
WPN_FAC_02_LV02,WPN_FAC_02,2,1.18,0.96,1.09,0,0.01,优先强化 伤害,N,Speed,LOC_WPN_FAC_02_02,WeaponLv,Release
WPN_FAC_02_LV03,WPN_FAC_02,3,1.36,0.92,1.18,0,0.02,优先强化 行为,Y,Damage,LOC_WPN_FAC_02_03,WeaponLv,Release
WPN_FAC_02_LV04,WPN_FAC_02,4,1.54,0.88,1.27,1,0.03,优先强化 伤害,N,AOE,LOC_WPN_FAC_02_04,WeaponLv,Release
WPN_FAC_02_LV05,WPN_FAC_02,5,1.72,0.84,1.36,1,0.04,优先强化 伤害,N,Damage,LOC_WPN_FAC_02_05,WeaponLv,Release
WPN_FAC_02_LV06,WPN_FAC_02,6,1.9,0.8,1.45,1,0.05,优先强化 行为,Y,Speed,LOC_WPN_FAC_02_06,WeaponLv,Release
WPN_FAC_02_LV07,WPN_FAC_02,7,2.08,0.76,1.54,2,0.06,优先强化 伤害,N,Damage,LOC_WPN_FAC_02_07,WeaponLv,Release
WPN_FAC_02_LV08,WPN_FAC_02,8,2.26,0.72,1.63,2,0.07,优先强化 伤害,N,AOE,LOC_WPN_FAC_02_08,WeaponLv,Release
WPN_FAC_02_LV09,WPN_FAC_02,9,2.44,0.68,1.72,2,0.08,优先强化 行为,Y,Damage,LOC_WPN_FAC_02_09,WeaponLv,Release
WPN_FAC_02_LV10,WPN_FAC_02,10,2.62,0.64,1.81,3,0.09,优先强化 伤害,N,Speed,LOC_WPN_FAC_02_10,WeaponLv,Release
WPN_FAC_02_LV11,WPN_FAC_02,11,2.8,0.6,1.9,3,0.1,优先强化 伤害,N,Damage,LOC_WPN_FAC_02_11,WeaponLv,Release
WPN_FAC_02_LV12,WPN_FAC_02,12,2.98,0.56,1.99,3,0.11,优先强化 行为,Y,AOE,LOC_WPN_FAC_02_12,WeaponLv,Release
WPN_FAC_03_LV01,WPN_FAC_03,1,1,1,1,0,0,优先强化 伤害,N,Damage,LOC_WPN_FAC_03_01,WeaponLv,Release
WPN_FAC_03_LV02,WPN_FAC_03,2,1.18,0.96,1.09,0,0.01,优先强化 伤害,N,Speed,LOC_WPN_FAC_03_02,WeaponLv,Release
WPN_FAC_03_LV03,WPN_FAC_03,3,1.36,0.92,1.18,0,0.02,优先强化 行为,Y,Damage,LOC_WPN_FAC_03_03,WeaponLv,Release
WPN_FAC_03_LV04,WPN_FAC_03,4,1.54,0.88,1.27,1,0.03,优先强化 伤害,N,AOE,LOC_WPN_FAC_03_04,WeaponLv,Release
WPN_FAC_03_LV05,WPN_FAC_03,5,1.72,0.84,1.36,1,0.04,优先强化 伤害,N,Damage,LOC_WPN_FAC_03_05,WeaponLv,Release
WPN_FAC_03_LV06,WPN_FAC_03,6,1.9,0.8,1.45,1,0.05,优先强化 行为,Y,Speed,LOC_WPN_FAC_03_06,WeaponLv,Release
WPN_FAC_03_LV07,WPN_FAC_03,7,2.08,0.76,1.54,2,0.06,优先强化 伤害,N,Damage,LOC_WPN_FAC_03_07,WeaponLv,Release
WPN_FAC_03_LV08,WPN_FAC_03,8,2.26,0.72,1.63,2,0.07,优先强化 伤害,N,AOE,LOC_WPN_FAC_03_08,WeaponLv,Release
WPN_FAC_03_LV09,WPN_FAC_03,9,2.44,0.68,1.72,2,0.08,优先强化 行为,Y,Damage,LOC_WPN_FAC_03_09,WeaponLv,Release
WPN_FAC_03_LV10,WPN_FAC_03,10,2.62,0.64,1.81,3,0.09,优先强化 伤害,N,Speed,LOC_WPN_FAC_03_10,WeaponLv,Release
WPN_FAC_03_LV11,WPN_FAC_03,11,2.8,0.6,1.9,3,0.1,优先强化 伤害,N,Damage,LOC_WPN_FAC_03_11,WeaponLv,Release
WPN_FAC_03_LV12,WPN_FAC_03,12,2.98,0.56,1.99,3,0.11,优先强化 行为,Y,AOE,LOC_WPN_FAC_03_12,WeaponLv,Release
WPN_FAC_04_LV01,WPN_FAC_04,1,1,1,1,0,0,优先强化 伤害,N,Damage,LOC_WPN_FAC_04_01,WeaponLv,Release
WPN_FAC_04_LV02,WPN_FAC_04,2,1.18,0.96,1.09,0,0.01,优先强化 伤害,N,Speed,LOC_WPN_FAC_04_02,WeaponLv,Release
WPN_FAC_04_LV03,WPN_FAC_04,3,1.36,0.92,1.18,0,0.02,优先强化 行为,Y,Damage,LOC_WPN_FAC_04_03,WeaponLv,Release
WPN_FAC_04_LV04,WPN_FAC_04,4,1.54,0.88,1.27,1,0.03,优先强化 伤害,N,AOE,LOC_WPN_FAC_04_04,WeaponLv,Release
WPN_FAC_04_LV05,WPN_FAC_04,5,1.72,0.84,1.36,1,0.04,优先强化 伤害,N,Damage,LOC_WPN_FAC_04_05,WeaponLv,Release
WPN_FAC_04_LV06,WPN_FAC_04,6,1.9,0.8,1.45,1,0.05,优先强化 行为,Y,Speed,LOC_WPN_FAC_04_06,WeaponLv,Release
WPN_FAC_04_LV07,WPN_FAC_04,7,2.08,0.76,1.54,2,0.06,优先强化 伤害,N,Damage,LOC_WPN_FAC_04_07,WeaponLv,Release
WPN_FAC_04_LV08,WPN_FAC_04,8,2.26,0.72,1.63,2,0.07,优先强化 伤害,N,AOE,LOC_WPN_FAC_04_08,WeaponLv,Release
WPN_FAC_04_LV09,WPN_FAC_04,9,2.44,0.68,1.72,2,0.08,优先强化 行为,Y,Damage,LOC_WPN_FAC_04_09,WeaponLv,Release
WPN_FAC_04_LV10,WPN_FAC_04,10,2.62,0.64,1.81,3,0.09,优先强化 伤害,N,Speed,LOC_WPN_FAC_04_10,WeaponLv,Release
WPN_FAC_04_LV11,WPN_FAC_04,11,2.8,0.6,1.9,3,0.1,优先强化 伤害,N,Damage,LOC_WPN_FAC_04_11,WeaponLv,Release
WPN_FAC_04_LV12,WPN_FAC_04,12,2.98,0.56,1.99,3,0.11,优先强化 行为,Y,AOE,LOC_WPN_FAC_04_12,WeaponLv,Release
WPN_FAC_05_LV01,WPN_FAC_05,1,1,1,1,0,0,优先强化 伤害,N,Damage,LOC_WPN_FAC_05_01,WeaponLv,Release
WPN_FAC_05_LV02,WPN_FAC_05,2,1.18,0.96,1.09,0,0.01,优先强化 伤害,N,Speed,LOC_WPN_FAC_05_02,WeaponLv,Release
WPN_FAC_05_LV03,WPN_FAC_05,3,1.36,0.92,1.18,0,0.02,优先强化 行为,Y,Damage,LOC_WPN_FAC_05_03,WeaponLv,Release
WPN_FAC_05_LV04,WPN_FAC_05,4,1.54,0.88,1.27,1,0.03,优先强化 伤害,N,AOE,LOC_WPN_FAC_05_04,WeaponLv,Release
WPN_FAC_05_LV05,WPN_FAC_05,5,1.72,0.84,1.36,1,0.04,优先强化 伤害,N,Damage,LOC_WPN_FAC_05_05,WeaponLv,Release
WPN_FAC_05_LV06,WPN_FAC_05,6,1.9,0.8,1.45,1,0.05,优先强化 行为,Y,Speed,LOC_WPN_FAC_05_06,WeaponLv,Release
WPN_FAC_05_LV07,WPN_FAC_05,7,2.08,0.76,1.54,2,0.06,优先强化 伤害,N,Damage,LOC_WPN_FAC_05_07,WeaponLv,Release
WPN_FAC_05_LV08,WPN_FAC_05,8,2.26,0.72,1.63,2,0.07,优先强化 伤害,N,AOE,LOC_WPN_FAC_05_08,WeaponLv,Release
WPN_FAC_05_LV09,WPN_FAC_05,9,2.44,0.68,1.72,2,0.08,优先强化 行为,Y,Damage,LOC_WPN_FAC_05_09,WeaponLv,Release
WPN_FAC_05_LV10,WPN_FAC_05,10,2.62,0.64,1.81,3,0.09,优先强化 伤害,N,Speed,LOC_WPN_FAC_05_10,WeaponLv,Release
WPN_FAC_05_LV11,WPN_FAC_05,11,2.8,0.6,1.9,3,0.1,优先强化 伤害,N,Damage,LOC_WPN_FAC_05_11,WeaponLv,Release
WPN_FAC_05_LV12,WPN_FAC_05,12,2.98,0.56,1.99,3,0.11,优先强化 行为,Y,AOE,LOC_WPN_FAC_05_12,WeaponLv,Release
WPN_FAC_06_LV01,WPN_FAC_06,1,1,1,1,0,0,优先强化 伤害,N,Damage,LOC_WPN_FAC_06_01,WeaponLv,Release
WPN_FAC_06_LV02,WPN_FAC_06,2,1.18,0.96,1.09,0,0.01,优先强化 伤害,N,Speed,LOC_WPN_FAC_06_02,WeaponLv,Release
WPN_FAC_06_LV03,WPN_FAC_06,3,1.36,0.92,1.18,0,0.02,优先强化 行为,Y,Damage,LOC_WPN_FAC_06_03,WeaponLv,Release
WPN_FAC_06_LV04,WPN_FAC_06,4,1.54,0.88,1.27,1,0.03,优先强化 伤害,N,AOE,LOC_WPN_FAC_06_04,WeaponLv,Release
WPN_FAC_06_LV05,WPN_FAC_06,5,1.72,0.84,1.36,1,0.04,优先强化 伤害,N,Damage,LOC_WPN_FAC_06_05,WeaponLv,Release
WPN_FAC_06_LV06,WPN_FAC_06,6,1.9,0.8,1.45,1,0.05,优先强化 行为,Y,Speed,LOC_WPN_FAC_06_06,WeaponLv,Release
WPN_FAC_06_LV07,WPN_FAC_06,7,2.08,0.76,1.54,2,0.06,优先强化 伤害,N,Damage,LOC_WPN_FAC_06_07,WeaponLv,Release
WPN_FAC_06_LV08,WPN_FAC_06,8,2.26,0.72,1.63,2,0.07,优先强化 伤害,N,AOE,LOC_WPN_FAC_06_08,WeaponLv,Release
WPN_FAC_06_LV09,WPN_FAC_06,9,2.44,0.68,1.72,2,0.08,优先强化 行为,Y,Damage,LOC_WPN_FAC_06_09,WeaponLv,Release
WPN_FAC_06_LV10,WPN_FAC_06,10,2.62,0.64,1.81,3,0.09,优先强化 伤害,N,Speed,LOC_WPN_FAC_06_10,WeaponLv,Release
WPN_FAC_06_LV11,WPN_FAC_06,11,2.8,0.6,1.9,3,0.1,优先强化 伤害,N,Damage,LOC_WPN_FAC_06_11,WeaponLv,Release
WPN_FAC_06_LV12,WPN_FAC_06,12,2.98,0.56,1.99,3,0.11,优先强化 行为,Y,AOE,LOC_WPN_FAC_06_12,WeaponLv,Release
WPN_FAC_07_LV01,WPN_FAC_07,1,1,1,1,0,0,优先强化 伤害,N,Damage,LOC_WPN_FAC_07_01,WeaponLv,Release
WPN_FAC_07_LV02,WPN_FAC_07,2,1.18,0.96,1.09,0,0.01,优先强化 伤害,N,Speed,LOC_WPN_FAC_07_02,WeaponLv,Release
WPN_FAC_07_LV03,WPN_FAC_07,3,1.36,0.92,1.18,0,0.02,优先强化 行为,Y,Damage,LOC_WPN_FAC_07_03,WeaponLv,Release
WPN_FAC_07_LV04,WPN_FAC_07,4,1.54,0.88,1.27,1,0.03,优先强化 伤害,N,AOE,LOC_WPN_FAC_07_04,WeaponLv,Release
WPN_FAC_07_LV05,WPN_FAC_07,5,1.72,0.84,1.36,1,0.04,优先强化 伤害,N,Damage,LOC_WPN_FAC_07_05,WeaponLv,Release
WPN_FAC_07_LV06,WPN_FAC_07,6,1.9,0.8,1.45,1,0.05,优先强化 行为,Y,Speed,LOC_WPN_FAC_07_06,WeaponLv,Release
WPN_FAC_07_LV07,WPN_FAC_07,7,2.08,0.76,1.54,2,0.06,优先强化 伤害,N,Damage,LOC_WPN_FAC_07_07,WeaponLv,Release
WPN_FAC_07_LV08,WPN_FAC_07,8,2.26,0.72,1.63,2,0.07,优先强化 伤害,N,AOE,LOC_WPN_FAC_07_08,WeaponLv,Release
WPN_FAC_07_LV09,WPN_FAC_07,9,2.44,0.68,1.72,2,0.08,优先强化 行为,Y,Damage,LOC_WPN_FAC_07_09,WeaponLv,Release
WPN_FAC_07_LV10,WPN_FAC_07,10,2.62,0.64,1.81,3,0.09,优先强化 伤害,N,Speed,LOC_WPN_FAC_07_10,WeaponLv,Release
WPN_FAC_07_LV11,WPN_FAC_07,11,2.8,0.6,1.9,3,0.1,优先强化 伤害,N,Damage,LOC_WPN_FAC_07_11,WeaponLv,Release
WPN_FAC_07_LV12,WPN_FAC_07,12,2.98,0.56,1.99,3,0.11,优先强化 行为,Y,AOE,LOC_WPN_FAC_07_12,WeaponLv,Release
WPN_FAC_08_LV01,WPN_FAC_08,1,1,1,1,0,0,优先强化 伤害,N,Damage,LOC_WPN_FAC_08_01,WeaponLv,Release
WPN_FAC_08_LV02,WPN_FAC_08,2,1.18,0.96,1.09,0,0.01,优先强化 伤害,N,Speed,LOC_WPN_FAC_08_02,WeaponLv,Release
WPN_FAC_08_LV03,WPN_FAC_08,3,1.36,0.92,1.18,0,0.02,优先强化 行为,Y,Damage,LOC_WPN_FAC_08_03,WeaponLv,Release
WPN_FAC_08_LV04,WPN_FAC_08,4,1.54,0.88,1.27,1,0.03,优先强化 伤害,N,AOE,LOC_WPN_FAC_08_04,WeaponLv,Release
WPN_FAC_08_LV05,WPN_FAC_08,5,1.72,0.84,1.36,1,0.04,优先强化 伤害,N,Damage,LOC_WPN_FAC_08_05,WeaponLv,Release
WPN_FAC_08_LV06,WPN_FAC_08,6,1.9,0.8,1.45,1,0.05,优先强化 行为,Y,Speed,LOC_WPN_FAC_08_06,WeaponLv,Release
WPN_FAC_08_LV07,WPN_FAC_08,7,2.08,0.76,1.54,2,0.06,优先强化 伤害,N,Damage,LOC_WPN_FAC_08_07,WeaponLv,Release
WPN_FAC_08_LV08,WPN_FAC_08,8,2.26,0.72,1.63,2,0.07,优先强化 伤害,N,AOE,LOC_WPN_FAC_08_08,WeaponLv,Release
WPN_FAC_08_LV09,WPN_FAC_08,9,2.44,0.68,1.72,2,0.08,优先强化 行为,Y,Damage,LOC_WPN_FAC_08_09,WeaponLv,Release
WPN_FAC_08_LV10,WPN_FAC_08,10,2.62,0.64,1.81,3,0.09,优先强化 伤害,N,Speed,LOC_WPN_FAC_08_10,WeaponLv,Release
WPN_FAC_08_LV11,WPN_FAC_08,11,2.8,0.6,1.9,3,0.1,优先强化 伤害,N,Damage,LOC_WPN_FAC_08_11,WeaponLv,Release
WPN_FAC_08_LV12,WPN_FAC_08,12,2.98,0.56,1.99,3,0.11,优先强化 行为,Y,AOE,LOC_WPN_FAC_08_12,WeaponLv,Release
WPN_FAC_09_LV01,WPN_FAC_09,1,1,1,1,0,0,优先强化 伤害,N,Damage,LOC_WPN_FAC_09_01,WeaponLv,Release
WPN_FAC_09_LV02,WPN_FAC_09,2,1.18,0.96,1.09,0,0.01,优先强化 伤害,N,Speed,LOC_WPN_FAC_09_02,WeaponLv,Release
WPN_FAC_09_LV03,WPN_FAC_09,3,1.36,0.92,1.18,0,0.02,优先强化 行为,Y,Damage,LOC_WPN_FAC_09_03,WeaponLv,Release
WPN_FAC_09_LV04,WPN_FAC_09,4,1.54,0.88,1.27,1,0.03,优先强化 伤害,N,AOE,LOC_WPN_FAC_09_04,WeaponLv,Release
WPN_FAC_09_LV05,WPN_FAC_09,5,1.72,0.84,1.36,1,0.04,优先强化 伤害,N,Damage,LOC_WPN_FAC_09_05,WeaponLv,Release
WPN_FAC_09_LV06,WPN_FAC_09,6,1.9,0.8,1.45,1,0.05,优先强化 行为,Y,Speed,LOC_WPN_FAC_09_06,WeaponLv,Release
WPN_FAC_09_LV07,WPN_FAC_09,7,2.08,0.76,1.54,2,0.06,优先强化 伤害,N,Damage,LOC_WPN_FAC_09_07,WeaponLv,Release
WPN_FAC_09_LV08,WPN_FAC_09,8,2.26,0.72,1.63,2,0.07,优先强化 伤害,N,AOE,LOC_WPN_FAC_09_08,WeaponLv,Release
WPN_FAC_09_LV09,WPN_FAC_09,9,2.44,0.68,1.72,2,0.08,优先强化 行为,Y,Damage,LOC_WPN_FAC_09_09,WeaponLv,Release
WPN_FAC_09_LV10,WPN_FAC_09,10,2.62,0.64,1.81,3,0.09,优先强化 伤害,N,Speed,LOC_WPN_FAC_09_10,WeaponLv,Release
WPN_FAC_09_LV11,WPN_FAC_09,11,2.8,0.6,1.9,3,0.1,优先强化 伤害,N,Damage,LOC_WPN_FAC_09_11,WeaponLv,Release
WPN_FAC_09_LV12,WPN_FAC_09,12,2.98,0.56,1.99,3,0.11,优先强化 行为,Y,AOE,LOC_WPN_FAC_09_12,WeaponLv,Release
WPN_FAC_10_LV01,WPN_FAC_10,1,1,1,1,0,0,优先强化 伤害,N,Damage,LOC_WPN_FAC_10_01,WeaponLv,Release
WPN_FAC_10_LV02,WPN_FAC_10,2,1.18,0.96,1.09,0,0.01,优先强化 伤害,N,Speed,LOC_WPN_FAC_10_02,WeaponLv,Release
WPN_FAC_10_LV03,WPN_FAC_10,3,1.36,0.92,1.18,0,0.02,优先强化 行为,Y,Damage,LOC_WPN_FAC_10_03,WeaponLv,Release
WPN_FAC_10_LV04,WPN_FAC_10,4,1.54,0.88,1.27,1,0.03,优先强化 伤害,N,AOE,LOC_WPN_FAC_10_04,WeaponLv,Release
WPN_FAC_10_LV05,WPN_FAC_10,5,1.72,0.84,1.36,1,0.04,优先强化 伤害,N,Damage,LOC_WPN_FAC_10_05,WeaponLv,Release
WPN_FAC_10_LV06,WPN_FAC_10,6,1.9,0.8,1.45,1,0.05,优先强化 行为,Y,Speed,LOC_WPN_FAC_10_06,WeaponLv,Release
WPN_FAC_10_LV07,WPN_FAC_10,7,2.08,0.76,1.54,2,0.06,优先强化 伤害,N,Damage,LOC_WPN_FAC_10_07,WeaponLv,Release
WPN_FAC_10_LV08,WPN_FAC_10,8,2.26,0.72,1.63,2,0.07,优先强化 伤害,N,AOE,LOC_WPN_FAC_10_08,WeaponLv,Release
WPN_FAC_10_LV09,WPN_FAC_10,9,2.44,0.68,1.72,2,0.08,优先强化 行为,Y,Damage,LOC_WPN_FAC_10_09,WeaponLv,Release
WPN_FAC_10_LV10,WPN_FAC_10,10,2.62,0.64,1.81,3,0.09,优先强化 伤害,N,Speed,LOC_WPN_FAC_10_10,WeaponLv,Release
WPN_FAC_10_LV11,WPN_FAC_10,11,2.8,0.6,1.9,3,0.1,优先强化 伤害,N,Damage,LOC_WPN_FAC_10_11,WeaponLv,Release
WPN_FAC_10_LV12,WPN_FAC_10,12,2.98,0.56,1.99,3,0.11,优先强化 行为,Y,AOE,LOC_WPN_FAC_10_12,WeaponLv,Release
WPN_FAC_11_LV01,WPN_FAC_11,1,1,1,1,0,0,优先强化 伤害,N,Damage,LOC_WPN_FAC_11_01,WeaponLv,Release
WPN_FAC_11_LV02,WPN_FAC_11,2,1.18,0.96,1.09,0,0.01,优先强化 伤害,N,Speed,LOC_WPN_FAC_11_02,WeaponLv,Release
WPN_FAC_11_LV03,WPN_FAC_11,3,1.36,0.92,1.18,0,0.02,优先强化 行为,Y,Damage,LOC_WPN_FAC_11_03,WeaponLv,Release
WPN_FAC_11_LV04,WPN_FAC_11,4,1.54,0.88,1.27,1,0.03,优先强化 伤害,N,AOE,LOC_WPN_FAC_11_04,WeaponLv,Release
WPN_FAC_11_LV05,WPN_FAC_11,5,1.72,0.84,1.36,1,0.04,优先强化 伤害,N,Damage,LOC_WPN_FAC_11_05,WeaponLv,Release
WPN_FAC_11_LV06,WPN_FAC_11,6,1.9,0.8,1.45,1,0.05,优先强化 行为,Y,Speed,LOC_WPN_FAC_11_06,WeaponLv,Release
WPN_FAC_11_LV07,WPN_FAC_11,7,2.08,0.76,1.54,2,0.06,优先强化 伤害,N,Damage,LOC_WPN_FAC_11_07,WeaponLv,Release
WPN_FAC_11_LV08,WPN_FAC_11,8,2.26,0.72,1.63,2,0.07,优先强化 伤害,N,AOE,LOC_WPN_FAC_11_08,WeaponLv,Release
WPN_FAC_11_LV09,WPN_FAC_11,9,2.44,0.68,1.72,2,0.08,优先强化 行为,Y,Damage,LOC_WPN_FAC_11_09,WeaponLv,Release
WPN_FAC_11_LV10,WPN_FAC_11,10,2.62,0.64,1.81,3,0.09,优先强化 伤害,N,Speed,LOC_WPN_FAC_11_10,WeaponLv,Release
WPN_FAC_11_LV11,WPN_FAC_11,11,2.8,0.6,1.9,3,0.1,优先强化 伤害,N,Damage,LOC_WPN_FAC_11_11,WeaponLv,Release
WPN_FAC_11_LV12,WPN_FAC_11,12,2.98,0.56,1.99,3,0.11,优先强化 行为,Y,AOE,LOC_WPN_FAC_11_12,WeaponLv,Release
WPN_FAC_12_LV01,WPN_FAC_12,1,1,1,1,0,0,优先强化 伤害,N,Damage,LOC_WPN_FAC_12_01,WeaponLv,Release
WPN_FAC_12_LV02,WPN_FAC_12,2,1.18,0.96,1.09,0,0.01,优先强化 伤害,N,Speed,LOC_WPN_FAC_12_02,WeaponLv,Release
WPN_FAC_12_LV03,WPN_FAC_12,3,1.36,0.92,1.18,0,0.02,优先强化 行为,Y,Damage,LOC_WPN_FAC_12_03,WeaponLv,Release
WPN_FAC_12_LV04,WPN_FAC_12,4,1.54,0.88,1.27,1,0.03,优先强化 伤害,N,AOE,LOC_WPN_FAC_12_04,WeaponLv,Release
WPN_FAC_12_LV05,WPN_FAC_12,5,1.72,0.84,1.36,1,0.04,优先强化 伤害,N,Damage,LOC_WPN_FAC_12_05,WeaponLv,Release
WPN_FAC_12_LV06,WPN_FAC_12,6,1.9,0.8,1.45,1,0.05,优先强化 行为,Y,Speed,LOC_WPN_FAC_12_06,WeaponLv,Release
WPN_FAC_12_LV07,WPN_FAC_12,7,2.08,0.76,1.54,2,0.06,优先强化 伤害,N,Damage,LOC_WPN_FAC_12_07,WeaponLv,Release
WPN_FAC_12_LV08,WPN_FAC_12,8,2.26,0.72,1.63,2,0.07,优先强化 伤害,N,AOE,LOC_WPN_FAC_12_08,WeaponLv,Release
WPN_FAC_12_LV09,WPN_FAC_12,9,2.44,0.68,1.72,2,0.08,优先强化 行为,Y,Damage,LOC_WPN_FAC_12_09,WeaponLv,Release
WPN_FAC_12_LV10,WPN_FAC_12,10,2.62,0.64,1.81,3,0.09,优先强化 伤害,N,Speed,LOC_WPN_FAC_12_10,WeaponLv,Release
WPN_FAC_12_LV11,WPN_FAC_12,11,2.8,0.6,1.9,3,0.1,优先强化 伤害,N,Damage,LOC_WPN_FAC_12_11,WeaponLv,Release
WPN_FAC_12_LV12,WPN_FAC_12,12,2.98,0.56,1.99,3,0.11,优先强化 行为,Y,AOE,LOC_WPN_FAC_12_12,WeaponLv,Release
WPN_SUM_01_LV01,WPN_SUM_01,1,1,1,1,0,0,优先强化 伤害,N,Damage,LOC_WPN_SUM_01_01,WeaponLv,Release
WPN_SUM_01_LV02,WPN_SUM_01,2,1.18,0.96,1.09,0,0.01,优先强化 伤害,N,Speed,LOC_WPN_SUM_01_02,WeaponLv,Release
WPN_SUM_01_LV03,WPN_SUM_01,3,1.36,0.92,1.18,0,0.02,优先强化 行为,Y,Damage,LOC_WPN_SUM_01_03,WeaponLv,Release
WPN_SUM_01_LV04,WPN_SUM_01,4,1.54,0.88,1.27,1,0.03,优先强化 伤害,N,AOE,LOC_WPN_SUM_01_04,WeaponLv,Release
WPN_SUM_01_LV05,WPN_SUM_01,5,1.72,0.84,1.36,1,0.04,优先强化 伤害,N,Damage,LOC_WPN_SUM_01_05,WeaponLv,Release
WPN_SUM_01_LV06,WPN_SUM_01,6,1.9,0.8,1.45,1,0.05,优先强化 行为,Y,Speed,LOC_WPN_SUM_01_06,WeaponLv,Release
WPN_SUM_01_LV07,WPN_SUM_01,7,2.08,0.76,1.54,2,0.06,优先强化 伤害,N,Damage,LOC_WPN_SUM_01_07,WeaponLv,Release
WPN_SUM_01_LV08,WPN_SUM_01,8,2.26,0.72,1.63,2,0.07,优先强化 伤害,N,AOE,LOC_WPN_SUM_01_08,WeaponLv,Release
WPN_SUM_01_LV09,WPN_SUM_01,9,2.44,0.68,1.72,2,0.08,优先强化 行为,Y,Damage,LOC_WPN_SUM_01_09,WeaponLv,Release
WPN_SUM_01_LV10,WPN_SUM_01,10,2.62,0.64,1.81,3,0.09,优先强化 伤害,N,Speed,LOC_WPN_SUM_01_10,WeaponLv,Release
WPN_SUM_01_LV11,WPN_SUM_01,11,2.8,0.6,1.9,3,0.1,优先强化 伤害,N,Damage,LOC_WPN_SUM_01_11,WeaponLv,Release
WPN_SUM_01_LV12,WPN_SUM_01,12,2.98,0.56,1.99,3,0.11,优先强化 行为,Y,AOE,LOC_WPN_SUM_01_12,WeaponLv,Release
WPN_SUM_02_LV01,WPN_SUM_02,1,1,1,1,0,0,优先强化 伤害,N,Damage,LOC_WPN_SUM_02_01,WeaponLv,Release
WPN_SUM_02_LV02,WPN_SUM_02,2,1.18,0.96,1.09,0,0.01,优先强化 伤害,N,Speed,LOC_WPN_SUM_02_02,WeaponLv,Release
WPN_SUM_02_LV03,WPN_SUM_02,3,1.36,0.92,1.18,0,0.02,优先强化 行为,Y,Damage,LOC_WPN_SUM_02_03,WeaponLv,Release
WPN_SUM_02_LV04,WPN_SUM_02,4,1.54,0.88,1.27,1,0.03,优先强化 伤害,N,AOE,LOC_WPN_SUM_02_04,WeaponLv,Release
WPN_SUM_02_LV05,WPN_SUM_02,5,1.72,0.84,1.36,1,0.04,优先强化 伤害,N,Damage,LOC_WPN_SUM_02_05,WeaponLv,Release
WPN_SUM_02_LV06,WPN_SUM_02,6,1.9,0.8,1.45,1,0.05,优先强化 行为,Y,Speed,LOC_WPN_SUM_02_06,WeaponLv,Release
WPN_SUM_02_LV07,WPN_SUM_02,7,2.08,0.76,1.54,2,0.06,优先强化 伤害,N,Damage,LOC_WPN_SUM_02_07,WeaponLv,Release
WPN_SUM_02_LV08,WPN_SUM_02,8,2.26,0.72,1.63,2,0.07,优先强化 伤害,N,AOE,LOC_WPN_SUM_02_08,WeaponLv,Release
WPN_SUM_02_LV09,WPN_SUM_02,9,2.44,0.68,1.72,2,0.08,优先强化 行为,Y,Damage,LOC_WPN_SUM_02_09,WeaponLv,Release
WPN_SUM_02_LV10,WPN_SUM_02,10,2.62,0.64,1.81,3,0.09,优先强化 伤害,N,Speed,LOC_WPN_SUM_02_10,WeaponLv,Release
WPN_SUM_02_LV11,WPN_SUM_02,11,2.8,0.6,1.9,3,0.1,优先强化 伤害,N,Damage,LOC_WPN_SUM_02_11,WeaponLv,Release
WPN_SUM_02_LV12,WPN_SUM_02,12,2.98,0.56,1.99,3,0.11,优先强化 行为,Y,AOE,LOC_WPN_SUM_02_12,WeaponLv,Release
WPN_SUM_03_LV01,WPN_SUM_03,1,1,1,1,0,0,优先强化 伤害,N,Damage,LOC_WPN_SUM_03_01,WeaponLv,Release
WPN_SUM_03_LV02,WPN_SUM_03,2,1.18,0.96,1.09,0,0.01,优先强化 伤害,N,Speed,LOC_WPN_SUM_03_02,WeaponLv,Release
WPN_SUM_03_LV03,WPN_SUM_03,3,1.36,0.92,1.18,0,0.02,优先强化 行为,Y,Damage,LOC_WPN_SUM_03_03,WeaponLv,Release
WPN_SUM_03_LV04,WPN_SUM_03,4,1.54,0.88,1.27,1,0.03,优先强化 伤害,N,AOE,LOC_WPN_SUM_03_04,WeaponLv,Release
WPN_SUM_03_LV05,WPN_SUM_03,5,1.72,0.84,1.36,1,0.04,优先强化 伤害,N,Damage,LOC_WPN_SUM_03_05,WeaponLv,Release
WPN_SUM_03_LV06,WPN_SUM_03,6,1.9,0.8,1.45,1,0.05,优先强化 行为,Y,Speed,LOC_WPN_SUM_03_06,WeaponLv,Release
WPN_SUM_03_LV07,WPN_SUM_03,7,2.08,0.76,1.54,2,0.06,优先强化 伤害,N,Damage,LOC_WPN_SUM_03_07,WeaponLv,Release
WPN_SUM_03_LV08,WPN_SUM_03,8,2.26,0.72,1.63,2,0.07,优先强化 伤害,N,AOE,LOC_WPN_SUM_03_08,WeaponLv,Release
WPN_SUM_03_LV09,WPN_SUM_03,9,2.44,0.68,1.72,2,0.08,优先强化 行为,Y,Damage,LOC_WPN_SUM_03_09,WeaponLv,Release
WPN_SUM_03_LV10,WPN_SUM_03,10,2.62,0.64,1.81,3,0.09,优先强化 伤害,N,Speed,LOC_WPN_SUM_03_10,WeaponLv,Release
WPN_SUM_03_LV11,WPN_SUM_03,11,2.8,0.6,1.9,3,0.1,优先强化 伤害,N,Damage,LOC_WPN_SUM_03_11,WeaponLv,Release
WPN_SUM_03_LV12,WPN_SUM_03,12,2.98,0.56,1.99,3,0.11,优先强化 行为,Y,AOE,LOC_WPN_SUM_03_12,WeaponLv,Release
WPN_SUM_04_LV01,WPN_SUM_04,1,1,1,1,0,0,优先强化 伤害,N,Damage,LOC_WPN_SUM_04_01,WeaponLv,Release
WPN_SUM_04_LV02,WPN_SUM_04,2,1.18,0.96,1.09,0,0.01,优先强化 伤害,N,Speed,LOC_WPN_SUM_04_02,WeaponLv,Release
WPN_SUM_04_LV03,WPN_SUM_04,3,1.36,0.92,1.18,0,0.02,优先强化 行为,Y,Damage,LOC_WPN_SUM_04_03,WeaponLv,Release
WPN_SUM_04_LV04,WPN_SUM_04,4,1.54,0.88,1.27,1,0.03,优先强化 伤害,N,AOE,LOC_WPN_SUM_04_04,WeaponLv,Release
WPN_SUM_04_LV05,WPN_SUM_04,5,1.72,0.84,1.36,1,0.04,优先强化 伤害,N,Damage,LOC_WPN_SUM_04_05,WeaponLv,Release
WPN_SUM_04_LV06,WPN_SUM_04,6,1.9,0.8,1.45,1,0.05,优先强化 行为,Y,Speed,LOC_WPN_SUM_04_06,WeaponLv,Release
WPN_SUM_04_LV07,WPN_SUM_04,7,2.08,0.76,1.54,2,0.06,优先强化 伤害,N,Damage,LOC_WPN_SUM_04_07,WeaponLv,Release
WPN_SUM_04_LV08,WPN_SUM_04,8,2.26,0.72,1.63,2,0.07,优先强化 伤害,N,AOE,LOC_WPN_SUM_04_08,WeaponLv,Release
WPN_SUM_04_LV09,WPN_SUM_04,9,2.44,0.68,1.72,2,0.08,优先强化 行为,Y,Damage,LOC_WPN_SUM_04_09,WeaponLv,Release
WPN_SUM_04_LV10,WPN_SUM_04,10,2.62,0.64,1.81,3,0.09,优先强化 伤害,N,Speed,LOC_WPN_SUM_04_10,WeaponLv,Release
WPN_SUM_04_LV11,WPN_SUM_04,11,2.8,0.6,1.9,3,0.1,优先强化 伤害,N,Damage,LOC_WPN_SUM_04_11,WeaponLv,Release
WPN_SUM_04_LV12,WPN_SUM_04,12,2.98,0.56,1.99,3,0.11,优先强化 行为,Y,AOE,LOC_WPN_SUM_04_12,WeaponLv,Release
WPN_SUM_05_LV01,WPN_SUM_05,1,1,1,1,0,0,优先强化 伤害,N,Damage,LOC_WPN_SUM_05_01,WeaponLv,Release
WPN_SUM_05_LV02,WPN_SUM_05,2,1.18,0.96,1.09,0,0.01,优先强化 伤害,N,Speed,LOC_WPN_SUM_05_02,WeaponLv,Release
WPN_SUM_05_LV03,WPN_SUM_05,3,1.36,0.92,1.18,0,0.02,优先强化 行为,Y,Damage,LOC_WPN_SUM_05_03,WeaponLv,Release
WPN_SUM_05_LV04,WPN_SUM_05,4,1.54,0.88,1.27,1,0.03,优先强化 伤害,N,AOE,LOC_WPN_SUM_05_04,WeaponLv,Release
WPN_SUM_05_LV05,WPN_SUM_05,5,1.72,0.84,1.36,1,0.04,优先强化 伤害,N,Damage,LOC_WPN_SUM_05_05,WeaponLv,Release
WPN_SUM_05_LV06,WPN_SUM_05,6,1.9,0.8,1.45,1,0.05,优先强化 行为,Y,Speed,LOC_WPN_SUM_05_06,WeaponLv,Release
WPN_SUM_05_LV07,WPN_SUM_05,7,2.08,0.76,1.54,2,0.06,优先强化 伤害,N,Damage,LOC_WPN_SUM_05_07,WeaponLv,Release
WPN_SUM_05_LV08,WPN_SUM_05,8,2.26,0.72,1.63,2,0.07,优先强化 伤害,N,AOE,LOC_WPN_SUM_05_08,WeaponLv,Release
WPN_SUM_05_LV09,WPN_SUM_05,9,2.44,0.68,1.72,2,0.08,优先强化 行为,Y,Damage,LOC_WPN_SUM_05_09,WeaponLv,Release
WPN_SUM_05_LV10,WPN_SUM_05,10,2.62,0.64,1.81,3,0.09,优先强化 伤害,N,Speed,LOC_WPN_SUM_05_10,WeaponLv,Release
WPN_SUM_05_LV11,WPN_SUM_05,11,2.8,0.6,1.9,3,0.1,优先强化 伤害,N,Damage,LOC_WPN_SUM_05_11,WeaponLv,Release
WPN_SUM_05_LV12,WPN_SUM_05,12,2.98,0.56,1.99,3,0.11,优先强化 行为,Y,AOE,LOC_WPN_SUM_05_12,WeaponLv,Release
WPN_SUM_06_LV01,WPN_SUM_06,1,1,1,1,0,0,优先强化 伤害,N,Damage,LOC_WPN_SUM_06_01,WeaponLv,Release
WPN_SUM_06_LV02,WPN_SUM_06,2,1.18,0.96,1.09,0,0.01,优先强化 伤害,N,Speed,LOC_WPN_SUM_06_02,WeaponLv,Release
WPN_SUM_06_LV03,WPN_SUM_06,3,1.36,0.92,1.18,0,0.02,优先强化 行为,Y,Damage,LOC_WPN_SUM_06_03,WeaponLv,Release
WPN_SUM_06_LV04,WPN_SUM_06,4,1.54,0.88,1.27,1,0.03,优先强化 伤害,N,AOE,LOC_WPN_SUM_06_04,WeaponLv,Release
WPN_SUM_06_LV05,WPN_SUM_06,5,1.72,0.84,1.36,1,0.04,优先强化 伤害,N,Damage,LOC_WPN_SUM_06_05,WeaponLv,Release
WPN_SUM_06_LV06,WPN_SUM_06,6,1.9,0.8,1.45,1,0.05,优先强化 行为,Y,Speed,LOC_WPN_SUM_06_06,WeaponLv,Release
WPN_SUM_06_LV07,WPN_SUM_06,7,2.08,0.76,1.54,2,0.06,优先强化 伤害,N,Damage,LOC_WPN_SUM_06_07,WeaponLv,Release
WPN_SUM_06_LV08,WPN_SUM_06,8,2.26,0.72,1.63,2,0.07,优先强化 伤害,N,AOE,LOC_WPN_SUM_06_08,WeaponLv,Release
WPN_SUM_06_LV09,WPN_SUM_06,9,2.44,0.68,1.72,2,0.08,优先强化 行为,Y,Damage,LOC_WPN_SUM_06_09,WeaponLv,Release
WPN_SUM_06_LV10,WPN_SUM_06,10,2.62,0.64,1.81,3,0.09,优先强化 伤害,N,Speed,LOC_WPN_SUM_06_10,WeaponLv,Release
WPN_SUM_06_LV11,WPN_SUM_06,11,2.8,0.6,1.9,3,0.1,优先强化 伤害,N,Damage,LOC_WPN_SUM_06_11,WeaponLv,Release
WPN_SUM_06_LV12,WPN_SUM_06,12,2.98,0.56,1.99,3,0.11,优先强化 行为,Y,AOE,LOC_WPN_SUM_06_12,WeaponLv,Release
WPN_SUM_07_LV01,WPN_SUM_07,1,1,1,1,0,0,优先强化 伤害,N,Damage,LOC_WPN_SUM_07_01,WeaponLv,Release
WPN_SUM_07_LV02,WPN_SUM_07,2,1.18,0.96,1.09,0,0.01,优先强化 伤害,N,Speed,LOC_WPN_SUM_07_02,WeaponLv,Release
WPN_SUM_07_LV03,WPN_SUM_07,3,1.36,0.92,1.18,0,0.02,优先强化 行为,Y,Damage,LOC_WPN_SUM_07_03,WeaponLv,Release
WPN_SUM_07_LV04,WPN_SUM_07,4,1.54,0.88,1.27,1,0.03,优先强化 伤害,N,AOE,LOC_WPN_SUM_07_04,WeaponLv,Release
WPN_SUM_07_LV05,WPN_SUM_07,5,1.72,0.84,1.36,1,0.04,优先强化 伤害,N,Damage,LOC_WPN_SUM_07_05,WeaponLv,Release
WPN_SUM_07_LV06,WPN_SUM_07,6,1.9,0.8,1.45,1,0.05,优先强化 行为,Y,Speed,LOC_WPN_SUM_07_06,WeaponLv,Release
WPN_SUM_07_LV07,WPN_SUM_07,7,2.08,0.76,1.54,2,0.06,优先强化 伤害,N,Damage,LOC_WPN_SUM_07_07,WeaponLv,Release
WPN_SUM_07_LV08,WPN_SUM_07,8,2.26,0.72,1.63,2,0.07,优先强化 伤害,N,AOE,LOC_WPN_SUM_07_08,WeaponLv,Release
WPN_SUM_07_LV09,WPN_SUM_07,9,2.44,0.68,1.72,2,0.08,优先强化 行为,Y,Damage,LOC_WPN_SUM_07_09,WeaponLv,Release
WPN_SUM_07_LV10,WPN_SUM_07,10,2.62,0.64,1.81,3,0.09,优先强化 伤害,N,Speed,LOC_WPN_SUM_07_10,WeaponLv,Release
WPN_SUM_07_LV11,WPN_SUM_07,11,2.8,0.6,1.9,3,0.1,优先强化 伤害,N,Damage,LOC_WPN_SUM_07_11,WeaponLv,Release
WPN_SUM_07_LV12,WPN_SUM_07,12,2.98,0.56,1.99,3,0.11,优先强化 行为,Y,AOE,LOC_WPN_SUM_07_12,WeaponLv,Release
WPN_SUM_08_LV01,WPN_SUM_08,1,1,1,1,0,0,优先强化 伤害,N,Damage,LOC_WPN_SUM_08_01,WeaponLv,Release
WPN_SUM_08_LV02,WPN_SUM_08,2,1.18,0.96,1.09,0,0.01,优先强化 伤害,N,Speed,LOC_WPN_SUM_08_02,WeaponLv,Release
WPN_SUM_08_LV03,WPN_SUM_08,3,1.36,0.92,1.18,0,0.02,优先强化 行为,Y,Damage,LOC_WPN_SUM_08_03,WeaponLv,Release
WPN_SUM_08_LV04,WPN_SUM_08,4,1.54,0.88,1.27,1,0.03,优先强化 伤害,N,AOE,LOC_WPN_SUM_08_04,WeaponLv,Release
WPN_SUM_08_LV05,WPN_SUM_08,5,1.72,0.84,1.36,1,0.04,优先强化 伤害,N,Damage,LOC_WPN_SUM_08_05,WeaponLv,Release
WPN_SUM_08_LV06,WPN_SUM_08,6,1.9,0.8,1.45,1,0.05,优先强化 行为,Y,Speed,LOC_WPN_SUM_08_06,WeaponLv,Release
WPN_SUM_08_LV07,WPN_SUM_08,7,2.08,0.76,1.54,2,0.06,优先强化 伤害,N,Damage,LOC_WPN_SUM_08_07,WeaponLv,Release
WPN_SUM_08_LV08,WPN_SUM_08,8,2.26,0.72,1.63,2,0.07,优先强化 伤害,N,AOE,LOC_WPN_SUM_08_08,WeaponLv,Release
WPN_SUM_08_LV09,WPN_SUM_08,9,2.44,0.68,1.72,2,0.08,优先强化 行为,Y,Damage,LOC_WPN_SUM_08_09,WeaponLv,Release
WPN_SUM_08_LV10,WPN_SUM_08,10,2.62,0.64,1.81,3,0.09,优先强化 伤害,N,Speed,LOC_WPN_SUM_08_10,WeaponLv,Release
WPN_SUM_08_LV11,WPN_SUM_08,11,2.8,0.6,1.9,3,0.1,优先强化 伤害,N,Damage,LOC_WPN_SUM_08_11,WeaponLv,Release
WPN_SUM_08_LV12,WPN_SUM_08,12,2.98,0.56,1.99,3,0.11,优先强化 行为,Y,AOE,LOC_WPN_SUM_08_12,WeaponLv,Release
